customer_id,week,emails,ads,churned,purchase,eff,ch_prob,demo,region,time_to_churn,censored,churn_week
0,0,2,1,0,19,0.0,0.3775406687981454,0,2,0,0,8
0,1,0,3,0,1535,1.5347182189446225,0.01290953447482839,0,2,7,0,8
0,2,2,3,0,1801,1.4892101167997327,0.01444259864470722,0,2,6,0,8
0,3,0,2,0,3251,1.0336400714974339,0.04376789226917725,0,2,5,0,8
0,4,1,0,0,5129,1.0885164722664769,0.03837231268360634,0,2,4,0,8
0,5,3,3,0,2147,1.4282999653055888,0.016778272462121564,0,2,3,0,8
0,6,1,2,0,1510,0.4949681067983931,0.14964090508542788,0,2,2,0,8
0,7,0,3,0,2661,0.5487084358286205,0.1333369256879747,0,2,1,0,8
0,8,1,1,1,2957,0.5479444684753187,0.1335577870005456,0,2,0,0,8
0,9,0,0,2,0,0.0,0.06428772015075951,0,2,0,0,8
0,10,0,0,2,0,0.0,0.13527220200155599,0,2,0,0,8
0,11,0,0,2,0,0.0,0.23619759132190518,0,2,0,0,8
1,0,1,5,0,755,0.0,0.23147521650098238,1,1,0,0,4
1,1,3,4,0,3212,1.2118067235951837,0.014350488980544246,1,1,3,0,4
1,2,1,3,0,504,0.28817868386544543,0.12781176067094874,1,1,2,0,4
1,3,5,3,0,636,0.0638367449347994,0.20430664335518328,1,1,1,0,4
1,4,2,4,1,9,-1.7802938378695776,0.9626995003105576,1,1,0,0,4
1,5,0,0,2,0,0.0,0.9906018306232255,1,1,0,0,4
1,6,0,0,2,0,0.0,0.700361595350067,1,1,0,0,4
1,7,0,0,2,0,0.0,0.9828786579078576,1,1,0,0,4
1,8,0,0,2,0,0.0,0.9810640718659993,1,1,0,0,4
1,9,0,0,2,0,0.0,0.9353372937901459,1,1,0,0,4
1,10,0,0,2,0,0.0,0.9512650336914569,1,1,0,0,4
1,11,0,0,2,0,0.0,0.7126010879909793,1,1,0,0,4
2,0,1,3,0,818,0.0,0.1544652650835347,1,0,0,0,5
2,1,2,3,0,2329,1.4687576022264053,0.004623845438755872,1,0,4,0,5
2,2,1,3,0,2050,1.2006566381467847,0.008998647638041438,1,0,3,0,5
2,3,3,3,0,441,0.7895327474540843,0.02475088080815526,1,0,2,0,5
2,4,2,3,0,420,-0.19812590351901394,0.2306427869431692,1,0,1,0,5
2,5,0,5,1,42,-0.6763439653448415,0.49771499424817767,1,0,0,0,5
2,6,0,0,2,0,0.0,0.7210703751741804,1,0,0,0,5
2,7,0,0,2,0,0.0,0.8294821238570921,1,0,0,0,5
2,8,0,0,2,0,0.0,0.4687988825155844,1,0,0,0,5
2,9,0,0,2,0,0.0,0.43615462639114355,1,0,0,0,5
2,10,0,0,2,0,0.0,0.04905432705084409,1,0,0,0,5
2,11,0,0,2,0,0.0,0.021573030493729443,1,0,0,0,5
3,0,2,5,0,26,0.0,0.3775406687981454,0,2,0,0,5
3,1,4,0,0,2114,1.2958597131169793,0.02321088832682667,0,2,4,0,5
3,2,1,1,0,4353,0.9762327194465461,0.050183534414998066,0,2,3,0,5
3,3,0,1,0,2434,1.1421856648609428,0.033716688164062154,0,2,2,0,5
3,4,4,3,0,1110,1.4391868112184603,0.016335133668947115,0,2,1,0,5
3,5,3,4,1,67,0.1284840576847075,0.30550684026217256,0,2,0,0,5
3,6,0,0,2,0,0.0,0.9359270645456503,0,2,0,0,5
3,7,0,0,2,0,0.0,0.7297987080251476,0,2,0,0,5
3,8,0,0,2,0,0.0,0.7167974595605603,0,2,0,0,5
3,9,0,0,2,0,0.0,0.4672958648590209,0,2,0,0,5
3,10,0,0,2,0,0.0,0.8986012811660806,0,2,0,0,5
3,11,0,0,2,0,0.0,0.8449984536576982,0,2,0,0,5
4,0,1,4,0,14,0.0,0.3775406687981454,0,2,0,0,5
4,1,2,0,0,795,1.365229031705535,0.019587676954947814,0,2,4,0,5
4,2,1,3,0,4224,1.6047933220870827,0.010857489427211035,0,2,3,0,5
4,3,1,5,0,1372,1.2019581170336346,0.029173265349809477,0,2,2,0,5
4,4,1,4,0,58,0.15937933809583127,0.2893694672466285,0,2,1,0,5
4,5,0,3,1,16,-0.4064117672278118,0.6262188437129262,0,2,0,0,5
4,6,0,0,2,0,0.0,0.4647503733170236,0,2,0,0,5
4,7,0,0,2,0,0.0,0.3085717310430105,0,2,0,0,5
4,8,0,0,2,0,0.0,0.9250967599179993,0,2,0,0,5
4,9,0,0,2,0,0.0,0.9859882165566732,0,2,0,0,5
4,10,0,0,2,0,0.0,0.8806395094012531,0,2,0,0,5
4,11,0,0,2,0,0.0,0.8336172099338183,0,2,0,0,5
5,0,1,3,0,1340,0.0,0.23147521650098238,1,1,0,0,9
5,1,0,4,0,7565,1.4687576022264053,0.007600633566515772,1,1,8,0,9
5,2,1,0,0,760,0.9082547677308229,0.03015934617241461,1,1,7,0,9
5,3,1,4,0,4759,1.4179070301993353,0.008622096099113128,1,1,6,0,9
5,4,1,2,0,9488,0.8198556208127634,0.03733985966697309,1,1,5,0,9
5,5,1,4,0,5445,0.7897436630633796,0.040142116804146165,1,1,4,0,9
5,6,1,3,0,1164,0.12667306969710168,0.17995053201885658,1,1,3,0,9
5,7,2,0,0,1669,-0.05128555975699545,0.25506356564217403,1,1,2,0,9
5,8,1,4,0,2642,0.5396302545044214,0.07248860948890525,1,1,1,0,9
5,9,0,3,1,5111,-0.10087399962387256,0.2793244551664782,1,1,0,0,9
5,10,0,0,2,0,0.0,0.19318961082101918,1,1,0,0,9
5,11,0,0,2,0,0.0,0.08423053922322354,1,1,0,0,9
6,0,0,6,0,433,0.0,0.3775406687981454,0,1,0,0,2
6,1,2,3,0,5318,0.4575212478233336,0.16194823553742735,0,1,1,0,2
6,2,5,1,1,3827,0.7672510743076881,0.081800773806617,0,1,0,0,2
6,3,0,0,2,0,0.0,0.45368281316212017,0,1,0,0,2
6,4,0,0,2,0,0.0,0.30496028513863277,0,1,0,0,2
6,5,0,0,2,0,0.0,0.11424785347346025,0,1,0,0,2
6,6,0,0,2,0,0.0,0.0575878989710918,0,1,0,0,2
6,7,0,0,2,0,0.0,0.06858813280924403,0,1,0,0,2
6,8,0,0,2,0,0.0,0.07778612794515369,0,1,0,0,2
6,9,0,0,2,0,0.0,0.08149755458713806,0,1,0,0,2
6,10,0,0,2,0,0.0,0.08610056911764163,0,1,0,0,2
6,11,0,0,2,0,0.0,0.04770313715044335,0,1,0,0,2
7,0,1,3,0,1713,0.0,0.23147521650098238,1,2,0,0,9
7,1,2,3,0,7154,1.4687576022264053,0.007600633566515772,1,2,8,0,9
7,2,1,1,0,1713,1.2006566381467847,0.014750156048998138,1,2,7,0,9
7,3,2,2,0,2043,1.288176585148607,0.011885945691242922,1,2,6,0,9
7,4,0,2,0,198,0.897319632152858,0.03096932466666107,1,2,5,0,9
7,5,0,1,0,2832,1.052231174580957,0.02123630678899588,1,2,4,0,9
7,6,2,1,0,7710,1.3077203509695026,0.011325583522688766,1,2,3,0,9
7,7,2,3,0,1440,1.224889665355289,0.013895131720306163,1,2,2,0,9
7,8,1,4,0,3484,0.5319022795230202,0.07379834337512409,1,2,1,0,9
7,9,2,4,1,1097,-0.10632767403511822,0.28207728811714844,1,2,0,0,9
7,10,0,0,2,0,0.0,0.7959960424869428,1,2,0,0,9
7,11,0,0,2,0,0.0,0.716452034559857,1,2,0,0,9
8,0,1,3,0,1299,0.0,0.1544652650835347,1,0,0,0,3
8,1,3,5,0,1708,1.4687576022264053,0.004623845438755872,1,0,2,0,3
8,2,2,6,0,4164,0.41990666331232673,0.060099829790855756,1,0,1,0,3
8,3,4,1,1,28,-1.443904640391347,0.8709923625962382,1,0,0,0,3
8,4,0,0,2,0,0.0,0.9066561709219673,1,0,0,0,3
8,5,0,0,2,0,0.0,0.7998562918160302,1,0,0,0,3
8,6,0,0,2,0,0.0,0.987929701726512,1,0,0,0,3
8,7,0,0,2,0,0.0,0.9954069158782632,1,0,0,0,3
8,8,0,0,2,0,0.0,0.7401341327803035,1,0,0,0,3
8,9,0,0,2,0,0.0,0.38472991542001705,1,0,0,0,3
8,10,0,0,2,0,0.0,0.6391157576661203,1,0,0,0,3
8,11,0,0,2,0,0.0,0.9220237328106987,1,0,0,0,3
9,0,2,2,1,11,0.0,0.2689414213699951,0,0,0,0,0
9,1,0,0,2,0,0.0,0.0057336321003116685,0,0,0,0,0
9,2,0,0,2,0,0.0,0.007769753855124438,0,0,0,0,0
9,3,0,0,2,0,0.0,0.01761609876363822,0,0,0,0,0
9,4,0,0,2,0,0.0,0.006715759420655617,0,0,0,0,0
9,5,0,0,2,0,0.0,0.01378931278575043,0,0,0,0,0
9,6,0,0,2,0,0.0,0.01026517744048437,0,0,0,0,0
9,7,0,0,2,0,0.0,0.02951991399557904,0,0,0,0,0
9,8,0,0,2,0,0.0,0.013686455045166654,0,0,0,0,0
9,9,0,0,2,0,0.0,0.02036462092866931,0,0,0,0,0
9,10,0,0,2,0,0.0,0.6229086180729241,0,0,0,0,0
9,11,0,0,2,0,0.0,0.9938609550139598,0,0,0,0,0
10,0,0,6,0,11,0.0,0.2689414213699951,0,0,0,0,10
10,1,2,2,0,955,0.4575212478233336,0.10491171963466098,0,0,9,0,10
10,2,3,2,0,3656,1.026968229479769,0.027453597485932728,0,0,8,0,10
10,3,0,3,0,1469,0.45328888987948424,0.10590948294788499,0,0,7,0,10
10,4,2,2,0,867,0.484835571077852,0.09867013995582999,0,0,6,0,10
10,5,0,1,0,401,0.2438240082185068,0.16664970789693237,0,0,5,0,10
10,6,1,0,0,5410,0.9296428361572258,0.0347533702581577,0,0,4,0,10
10,7,1,2,0,1156,1.335572693254929,0.012882341624189206,0,0,3,0,10
10,8,0,2,0,3229,1.1592188480224395,0.019878318374147875,0,0,2,0,10
10,9,1,4,0,3768,1.1808136131430116,0.018853299850673418,0,0,1,0,10
10,10,0,1,1,2074,0.49333710289640087,0.09679600115122515,0,0,0,0,10
10,11,0,0,2,0,0.0,0.031327809218081225,0,0,0,0,10
11,0,4,2,0,493,0.0,0.23147521650098238,1,1,0,0,3
11,1,1,3,0,4751,1.502685950096906,0.0069868445919131685,1,1,2,0,3
11,2,2,5,0,4499,1.1522777338695325,0.01661500760051709,1,1,1,0,3
11,3,1,3,1,906,-0.2462834259174711,0.35794573342215663,1,1,0,0,3
11,4,0,0,2,0,0.0,0.40143718725409566,1,1,0,0,3
11,5,0,0,2,0,0.0,0.8588961919652242,1,1,0,0,3
11,6,0,0,2,0,0.0,0.9151210838429166,1,1,0,0,3
11,7,0,0,2,0,0.0,0.8376155781688966,1,1,0,0,3
11,8,0,0,2,0,0.0,0.1607591075620745,1,1,0,0,3
11,9,0,0,2,0,0.0,0.4202462886597368,1,1,0,0,3
11,10,0,0,2,0,0.0,0.23287855190493167,1,1,0,0,3
11,11,0,0,2,0,0.0,0.9977274389645711,1,1,0,0,3
12,0,4,1,0,1417,0.0,0.23147521650098238,1,1,0,0,6
12,1,5,2,0,9488,1.4351417921620766,0.008261490284033798,1,1,5,0,6
12,2,1,4,0,410,0.4785528052854746,0.08344900246179195,1,1,4,0,6
12,3,1,4,0,378,-0.09248223154938762,0.27512086485719894,1,1,3,0,6
12,4,1,3,0,94,-0.5978844255150779,0.5731490861578901,1,1,2,0,6
12,5,6,2,0,497,-0.5640666941640671,0.552349136859547,1,1,1,0,6
12,6,1,2,1,4,-2.3868374532325913,0.9915666629559852,1,1,0,0,6
12,7,0,0,2,0,0.0,0.882117497099599,1,1,0,0,6
12,8,0,0,2,0,0.0,0.9249512111736302,1,1,0,0,6
12,9,0,0,2,0,0.0,0.9999440835653327,1,1,0,0,6
12,10,0,0,2,0,0.0,0.9773285936915332,1,1,0,0,6
12,11,0,0,2,0,0.0,0.9775476387201067,1,1,0,0,6
13,0,2,3,0,1082,0.0,0.23147521650098238,1,2,0,0,8
13,1,3,0,0,4573,1.6128105917482007,0.005314294862474473,1,2,7,0,8
13,2,2,5,0,7402,1.429060763863336,0.008386984302650953,1,2,6,0,8
13,3,0,1,0,545,0.18994938344794177,0.15777550141214317,1,2,5,0,8
13,4,2,2,0,2178,0.9237082985454164,0.029049597896522044,1,2,4,0,8
13,5,0,2,0,922,0.5739138209515275,0.06693302112122591,1,2,3,0,8
13,6,4,2,0,1380,0.8620694984839481,0.0337261511599911,1,2,2,0,8
13,7,2,3,0,658,-0.13913275036553285,0.29897824188913397,1,2,1,0,8
13,8,0,3,1,25,-0.6317892617273517,0.5937460278801261,1,2,0,0,8
13,9,0,0,2,0,0.0,0.33231296802306737,1,2,0,0,8
13,10,0,0,2,0,0.0,0.382720618808546,1,2,0,0,8
13,11,0,0,2,0,0.0,0.057691814847825464,1,2,0,0,8
14,0,1,3,1,422,0.0,0.3775406687981454,0,1,0,0,0
14,1,0,0,2,0,0.0,0.015188764518854616,0,1,0,0,0
14,2,0,0,2,0,0.0,0.04051041891366488,0,1,0,0,0
14,3,0,0,2,0,0.0,0.1735498760956345,0,1,0,0,0
14,4,0,0,2,0,0.0,0.4456457792094569,0,1,0,0,0
14,5,0,0,2,0,0.0,0.15100687753782324,0,1,0,0,0
14,6,0,0,2,0,0.0,0.1440809730388077,0,1,0,0,0
14,7,0,0,2,0,0.0,0.6565545652786704,0,1,0,0,0
14,8,0,0,2,0,0.0,0.2390929874077696,0,1,0,0,0
14,9,0,0,2,0,0.0,0.18211749189768017,0,1,0,0,0
14,10,0,0,2,0,0.0,0.0782813579510111,0,1,0,0,0
14,11,0,0,2,0,0.0,0.16518135781671506,0,1,0,0,0
15,0,1,0,1,26,0.0,0.2689414213699951,0,0,0,0,0
15,1,0,0,2,0,0.0,0.05422504943904928,0,0,0,0,0
15,2,0,0,2,0,0.0,0.012463594374660384,0,0,0,0,0
15,3,0,0,2,0,0.0,0.00691692273437741,0,0,0,0,0
15,4,0,0,2,0,0.0,0.03119876677380973,0,0,0,0,0
15,5,0,0,2,0,0.0,0.020848598742111393,0,0,0,0,0
15,6,0,0,2,0,0.0,0.22809208798905473,0,0,0,0,0
15,7,0,0,2,0,0.0,0.7568487849570711,0,0,0,0,0
15,8,0,0,2,0,0.0,0.0664945797929259,0,0,0,0,0
15,9,0,0,2,0,0.0,0.013137671189554521,0,0,0,0,0
15,10,0,0,2,0,0.0,0.01712976158218308,0,0,0,0,0
15,11,0,0,2,0,0.0,0.04538388884852284,0,0,0,0,0
16,0,2,4,1,52,0.0,0.3775406687981454,0,2,0,0,0
16,1,0,0,2,0,0.0,0.014800181277537064,0,2,0,0,0
16,2,0,0,2,0,0.0,0.07235519162997521,0,2,0,0,0
16,3,0,0,2,0,0.0,0.26590390919832246,0,2,0,0,0
16,4,0,0,2,0,0.0,0.10377073571980439,0,2,0,0,0
16,5,0,0,2,0,0.0,0.0542577788207868,0,2,0,0,0
16,6,0,0,2,0,0.0,0.42871932926549927,0,2,0,0,0
16,7,0,0,2,0,0.0,0.8819766838331767,0,2,0,0,0
16,8,0,0,2,0,0.0,0.6388297384611465,0,2,0,0,0
16,9,0,0,2,0,0.0,0.9943654677630602,0,2,0,0,0
16,10,0,0,2,0,0.0,0.9980978640036124,0,2,0,0,0
16,11,0,0,2,0,0.0,0.9880028897339606,0,2,0,0,0
17,0,0,0,1,1517,0.0,0.23147521650098238,1,2,0,0,0
17,1,0,0,2,0,0.0,0.23147521650098238,1,2,0,0,0
17,2,0,0,2,0,0.0,0.044836427781399776,1,2,0,0,0
17,3,0,0,2,0,0.0,0.0057342885875335875,1,2,0,0,0
17,4,0,0,2,0,0.0,0.020894086326699198,1,2,0,0,0
17,5,0,0,2,0,0.0,0.09997653476530018,1,2,0,0,0
17,6,0,0,2,0,0.0,0.0408574565253309,1,2,0,0,0
17,7,0,0,2,0,0.0,0.16307584444793988,1,2,0,0,0
17,8,0,0,2,0,0.0,0.8675462413940321,1,2,0,0,0
17,9,0,0,2,0,0.0,0.785244628660793,1,2,0,0,0
17,10,0,0,2,0,0.0,0.707272857035273,1,2,0,0,0
17,11,0,0,2,0,0.0,0.9954317972703062,1,2,0,0,0
18,0,2,5,0,342,0.0,0.1544652650835347,1,0,0,0,8
18,1,1,5,0,3902,1.2958597131169793,0.007106247869292317,1,0,7,0,8
18,2,2,3,0,3309,0.3087849876836948,0.0778472384969851,1,0,6,0,8
18,3,1,1,0,494,-0.22315080696231782,0.2419307920964319,1,0,5,0,8
18,4,1,3,0,1394,0.40280627450856077,0.06256064354524221,1,0,4,0,8
18,5,0,2,0,906,0.14910142464065634,0.11177337234763682,1,0,3,0,8
18,6,0,2,0,463,0.5623925531294058,0.04286120192396253,1,0,2,0,8
18,7,2,5,0,4502,0.7474695389014139,0.027420155020540377,1,0,1,0,8
18,8,2,1,1,31,-0.5241854731898354,0.40382892792115904,1,0,0,0,8
18,9,0,0,2,0,0.0,0.19186812439902617,1,0,0,0,8
18,10,0,0,2,0,0.0,0.6996516931376489,1,0,0,0,8
18,11,0,0,2,0,0.0,0.6045861481852112,1,0,0,0,8
19,0,3,0,1,12,0.0,0.2689414213699951,0,0,0,0,0
19,1,0,0,2,0,0.0,0.028940695326588915,0,0,0,0,0
19,2,0,0,2,0,0.0,0.007806125951452868,0,0,0,0,0
19,3,0,0,2,0,0.0,0.022009762350880677,0,0,0,0,0
19,4,0,0,2,0,0.0,0.6541615260644293,0,0,0,0,0
19,5,0,0,2,0,0.0,0.6234618041173956,0,0,0,0,0
19,6,0,0,2,0,0.0,0.97775647100527,0,0,0,0,0
19,7,0,0,2,0,0.0,0.8164242427268826,0,0,0,0,0
19,8,0,0,2,0,0.0,0.29910835866103186,0,0,0,0,0
19,9,0,0,2,0,0.0,0.19303030281622616,0,0,0,0,0
19,10,0,0,2,0,0.0,0.2670907574934165,0,0,0,0,0
19,11,0,0,2,0,0.0,0.34148447271979787,0,0,0,0,0
20,0,1,0,0,1727,0.0,0.1544652650835347,1,0,0,0,10
20,1,1,3,0,1463,0.7435446705942692,0.027683045761389174,1,0,9,0,10
20,2,2,2,0,759,1.5996427027688545,0.003337777484754368,1,0,8,0,10
20,3,1,1,0,3073,1.3368595794713576,0.006418389658437649,1,0,7,0,10
20,4,1,3,0,864,1.375025690627302,0.005837696301861902,1,0,6,0,10
20,5,1,2,0,3574,0.9432818430762755,0.016986488894198463,1,0,5,0,10
20,6,0,3,0,2095,0.8606391997239602,0.020803766782926014,1,0,4,0,10
20,7,2,3,0,3552,0.7261067723245922,0.02888094796114132,1,0,3,0,10
20,8,3,2,0,627,0.1322508275785097,0.11602459258074678,1,0,2,0,10
20,9,4,0,0,31,-0.40036379723431903,0.33201390499289557,1,0,1,0,10
20,10,0,5,1,14,-0.42172933140656665,0.34396444978686064,1,0,0,0,10
20,11,0,0,2,0,0.0,0.6039948608693297,1,0,0,0,10
21,0,2,2,1,95,0.0,0.23147521650098238,1,2,0,0,0
21,1,0,0,2,0,0.0,0.004699184936752494,1,2,0,0,0
21,2,0,0,2,0,0.0,0.006608448884306456,1,2,0,0,0
21,3,0,0,2,0,0.0,0.025069982419304852,1,2,0,0,0
21,4,0,0,2,0,0.0,0.23935950853830545,1,2,0,0,0
21,5,0,0,2,0,0.0,0.05248633647629559,1,2,0,0,0
21,6,0,0,2,0,0.0,0.15628290091924718,1,2,0,0,0
21,7,0,0,2,0,0.0,0.8584936905213015,1,2,0,0,0
21,8,0,0,2,0,0.0,0.9135090479741537,1,2,0,0,0
21,9,0,0,2,0,0.0,0.9402613327756932,1,2,0,0,0
21,10,0,0,2,0,0.0,0.9545942011064166,1,2,0,0,0
21,11,0,0,2,0,0.0,0.9629098926379851,1,2,0,0,0
22,0,0,3,0,16,0.0,0.2689414213699951,0,0,0,0,1
22,1,0,3,1,2852,0.815212931632136,0.0457369732621122,0,0,0,0,1
22,2,0,0,2,0,0.0,0.07520299976388047,0,0,0,0,1
22,3,0,0,2,0,0.0,0.015130297717046323,0,0,0,0,1
22,4,0,0,2,0,0.0,0.021248260600309595,0,0,0,0,1
22,5,0,0,2,0,0.0,0.05464296773724898,0,0,0,0,1
22,6,0,0,2,0,0.0,0.23078706267761173,0,0,0,0,1
22,7,0,0,2,0,0.0,0.03923723364711687,0,0,0,0,1
22,8,0,0,2,0,0.0,0.04539542166250632,0,0,0,0,1
22,9,0,0,2,0,0.0,0.6240676720910731,0,0,0,0,1
22,10,0,0,2,0,0.0,0.04688796973363873,0,0,0,0,1
22,11,0,0,2,0,0.0,0.10454308178980103,0,0,0,0,1
23,0,2,4,0,775,0.0,0.1544652650835347,1,0,0,1,0
23,1,1,0,0,6504,1.4792820212273305,0.004504314595076164,1,0,0,1,0
23,2,0,3,0,2058,1.6247283934274872,0.003135516311133796,1,0,0,1,0
23,3,0,1,0,2363,1.3079943009201227,0.006895370697708579,1,0,0,1,0
23,4,1,5,0,4625,1.3398646178221814,0.006370657596353352,1,0,0,1,0
23,5,0,3,0,3236,0.5197835385406306,0.04745032668016664,1,0,0,1,0
23,6,0,3,0,680,0.3746585046825437,0.06681684550339685,1,0,0,1,0
23,7,0,3,0,391,0.21556957865947823,0.09630915394260482,1,0,0,1,0
23,8,1,1,0,1190,0.06260048693693454,0.13511138502173617,1,0,0,1,0
23,9,0,0,0,2680,0.7025269397288061,0.030581019938928925,1,0,0,1,0
23,10,2,3,0,4302,1.1624319214449246,0.009892077127416292,1,0,0,1,0
23,11,1,2,0,2114,0.7918035369020417,0.02461421754075677,1,0,0,1,0
24,0,1,2,0,37,0.0,0.2689414213699951,0,0,0,0,6
24,1,2,1,0,7533,1.4882093873576565,0.008831816936261973,0,0,5,0,6
24,2,1,4,0,3291,1.638485431422888,0.0060826501176786864,0,0,4,0,6
24,3,1,2,0,3088,1.028221486422825,0.02737006664656829,0,0,3,0,6
24,4,1,2,0,142,0.924344982233428,0.03520041730736843,0,0,2,0,6
24,5,1,6,0,916,0.8475858184206648,0.042331729003077426,0,0,1,0,6
24,6,0,0,1,18,-0.5874750530179496,0.6150730896166242,0,0,0,0,6
24,7,0,0,2,0,0.0,0.05619804923307263,0,0,0,0,6
24,8,0,0,2,0,0.0,0.19729090150481293,0,0,0,0,6
24,9,0,0,2,0,0.0,0.5230036340448211,0,0,0,0,6
24,10,0,0,2,0,0.0,0.8977858083236203,0,0,0,0,6
24,11,0,0,2,0,0.0,0.9985340215546941,0,0,0,0,6
25,0,3,4,0,61,0.0,0.2689414213699951,0,0,0,0,2
25,1,1,6,0,8059,1.3869398790698289,0.011347452341135897,0,0,1,0,2
25,2,2,10,1,23,0.02164022405263477,0.2584384584843528,0,0,0,0,2
25,3,0,0,2,0,0.0,0.9998820864336704,0,0,0,0,2
25,4,0,0,2,0,0.0,0.9918049040898036,0,0,0,0,2
25,5,0,0,2,0,0.0,0.989639540455949,0,0,0,0,2
25,6,0,0,2,0,0.0,0.47838370049735546,0,0,0,0,2
25,7,0,0,2,0,0.0,0.14327509909474268,0,0,0,0,2
25,8,0,0,2,0,0.0,0.2118947081572392,0,0,0,0,2
25,9,0,0,2,0,0.0,0.15125372965774722,0,0,0,0,2
25,10,0,0,2,0,0.0,0.11730343080355343,0,0,0,0,2
25,11,0,0,2,0,0.0,0.09486202223433943,0,0,0,0,2
26,0,3,4,1,962,0.0,0.1544652650835347,1,0,0,0,0
26,1,0,0,2,0,0.0,0.005667352674430519,1,0,0,0,0
26,2,0,0,2,0,0.0,0.004188026716636001,1,0,0,0,0
26,3,0,0,2,0,0.0,0.006586037912279868,1,0,0,0,0
26,4,0,0,2,0,0.0,0.0038248109523629217,1,0,0,0,0
26,5,0,0,2,0,0.0,0.04155785184990581,1,0,0,0,0
26,6,0,0,2,0,0.0,0.33706731525076594,1,0,0,0,0
26,7,0,0,2,0,0.0,0.34380107782504504,1,0,0,0,0
26,8,0,0,2,0,0.0,0.02000935127308873,1,0,0,0,0
26,9,0,0,2,0,0.0,0.04526121356234253,1,0,0,0,0
26,10,0,0,2,0,0.0,0.08818829633188165,1,0,0,0,0
26,11,0,0,2,0,0.0,0.0634348054681278,1,0,0,0,0
27,0,1,2,0,13,0.0,0.2689414213699951,0,0,0,0,3
27,1,0,3,0,6338,1.4882093873576565,0.008831816936261973,0,0,2,0,3
27,2,4,5,0,1406,1.2016702955472403,0.017912603372868284,0,0,1,0,3
27,3,5,1,1,13,-0.18384794360692602,0.3680991562147067,0,0,0,0,3
27,4,0,0,2,0,0.0,0.847739178063916,0,0,0,0,3
27,5,0,0,2,0,0.0,0.3187801831768715,0,0,0,0,3
27,6,0,0,2,0,0.0,0.38102116487248694,0,0,0,0,3
27,7,0,0,2,0,0.0,0.4303175154443877,0,0,0,0,3
27,8,0,0,2,0,0.0,0.462702666099983,0,0,0,0,3
27,9,0,0,2,0,0.0,0.49986558392269836,0,0,0,0,3
27,10,0,0,2,0,0.0,0.5197731128878122,0,0,0,0,3
27,11,0,0,2,0,0.0,0.9675477034892538,0,0,0,0,3
28,0,2,1,1,1073,0.0,0.23147521650098238,1,2,0,0,0
28,1,0,0,2,0,0.0,0.006452619702514549,1,2,0,0,0
28,2,0,0,2,0,0.0,0.005044209472367813,1,2,0,0,0
28,3,0,0,2,0,0.0,0.07758924785330135,1,2,0,0,0
28,4,0,0,2,0,0.0,0.034535710886412614,1,2,0,0,0
28,5,0,0,2,0,0.0,0.007713156813778532,1,2,0,0,0
28,6,0,0,2,0,0.0,0.1078885030298719,1,2,0,0,0
28,7,0,0,2,0,0.0,0.08549747705499813,1,2,0,0,0
28,8,0,0,2,0,0.0,0.3029723581548269,1,2,0,0,0
28,9,0,0,2,0,0.0,0.35998429512231067,1,2,0,0,0
28,10,0,0,2,0,0.0,0.8437354199503588,1,2,0,0,0
28,11,0,0,2,0,0.0,0.7656337270047086,1,2,0,0,0
29,0,2,1,0,404,0.0,0.23147521650098238,1,2,0,1,0
29,1,1,0,0,10816,1.5347182189446225,0.006452619702514549,1,2,0,1,0
29,2,1,0,0,890,1.4504031522612955,0.0079546837591819,1,2,0,1,0
29,3,1,1,0,2886,1.3543643208304506,0.01009158218708225,1,2,0,1,0
29,4,2,2,0,938,1.6043075744217972,0.005427853247264665,1,2,0,1,0
29,5,1,2,0,2476,1.4002232908809153,0.009008313900846528,1,2,0,1,0
29,6,0,1,0,13815,1.227701137024877,0.0137991526817147,1,2,0,1,0
29,7,3,5,0,690,1.4599850607335796,0.007767857934396987,1,2,0,1,0
29,8,1,2,0,611,-0.17411171124313318,0.31762222499913945,1,2,0,1,0
29,9,1,3,0,2299,0.10021475053340012,0.18991895397749325,1,2,0,1,0
29,10,2,1,0,265,-0.07213056697941944,0.2650909875719706,1,2,0,1,0
29,11,1,1,0,3008,0.1793009152540037,0.1613452977515648,1,2,0,1,0
30,0,3,5,0,1221,0.0,0.1544652650835347,1,0,0,0,3
30,1,3,4,0,2469,1.1735175709594778,0.009624293217579237,1,0,2,0,3
30,2,4,3,0,398,-0.18926918024876604,0.22673724873940782,1,0,1,0,3
30,3,1,2,1,15,-1.5549660894956365,0.8991136876226448,1,0,0,0,3
30,4,0,0,2,0,0.0,0.558350432028352,1,0,0,0,3
30,5,0,0,2,0,0.0,0.9692723760647033,1,0,0,0,3
30,6,0,0,2,0,0.0,0.9671285199994761,1,0,0,0,3
30,7,0,0,2,0,0.0,0.728399375004443,1,0,0,0,3
30,8,0,0,2,0,0.0,0.6255418194385528,1,0,0,0,3
30,9,0,0,2,0,0.0,0.7826736602798208,1,0,0,0,3
30,10,0,0,2,0,0.0,0.21922520562117848,1,0,0,0,3
30,11,0,0,2,0,0.0,0.13711973491202986,1,0,0,0,3
31,0,1,3,0,627,0.0,0.23147521650098238,1,2,0,0,6
31,1,0,5,0,3794,1.4687576022264053,0.007600633566515772,1,2,5,0,6
31,2,0,3,0,627,0.6906725305270429,0.05085026055168385,1,2,4,0,6
31,3,1,3,0,3224,0.3909286479928067,0.10180558112049494,1,2,3,0,6
31,4,0,4,0,2260,0.40984715666046667,0.09756147392215155,1,2,2,0,6
31,5,0,4,0,810,-0.06577840678032287,0.2620087664283503,1,2,1,0,6
31,6,2,3,1,12,-0.4613931163342171,0.4883727942614297,1,2,0,0,6
31,7,0,0,2,0,0.0,0.5134614906529629,1,2,0,0,6
31,8,0,0,2,0,0.0,0.09524775805037503,1,2,0,0,6
31,9,0,0,2,0,0.0,0.03528683079664968,1,2,0,0,6
31,10,0,0,2,0,0.0,0.655455646396778,1,2,0,0,6
31,11,0,0,2,0,0.0,0.9987908067644248,1,2,0,0,6
32,0,1,2,0,149,0.0,0.1544652650835347,1,0,0,0,6
32,1,2,1,0,2532,1.4882093873576565,0.004405336916946824,1,0,5,0,6
32,2,2,0,0,2573,1.638485431422888,0.0030298322922544334,1,0,4,0,6
32,3,0,4,0,10492,1.5237181087150649,0.004032631830069678,1,0,3,0,6
32,4,0,3,0,3422,1.1796235099118295,0.009479877616505464,1,0,2,0,6
32,5,3,3,0,8622,0.9290456185995823,0.017591108260172197,1,0,1,0,6
32,6,0,3,1,597,0.034386985008826976,0.14356783630311715,1,0,0,0,6
32,7,0,0,2,0,0.0,0.09982503224632604,1,0,0,0,6
32,8,0,0,2,0,0.0,0.042448873444291026,1,0,0,0,6
32,9,0,0,2,0,0.0,0.029341422011315788,1,0,0,0,6
32,10,0,0,2,0,0.0,0.054983616905067076,1,0,0,0,6
32,11,0,0,2,0,0.0,0.8489582729907222,1,0,0,0,6
33,0,0,0,0,1108,0.0,0.3775406687981454,0,1,0,0,1
33,1,0,4,1,1172,0.0,0.3775406687981454,0,1,0,0,1
33,2,0,0,2,0,0.0,0.08673164894613446,0,1,0,0,1
33,3,0,0,2,0,0.0,0.016944673499517567,0,1,0,0,1
33,4,0,0,2,0,0.0,0.05998688629599494,0,1,0,0,1
33,5,0,0,2,0,0.0,0.03705107075104211,0,1,0,0,1
33,6,0,0,2,0,0.0,0.09288277086066979,0,1,0,0,1
33,7,0,0,2,0,0.0,0.23255453402914741,0,1,0,0,1
33,8,0,0,2,0,0.0,0.7158211244801724,0,1,0,0,1
33,9,0,0,2,0,0.0,0.705137137705964,0,1,0,0,1
33,10,0,0,2,0,0.0,0.49512866792739507,0,1,0,0,1
33,11,0,0,2,0,0.0,0.7683062573059496,0,1,0,0,1
34,0,3,2,1,32,0.0,0.3775406687981454,0,2,0,0,0
34,1,0,0,2,0,0.0,0.010203176632260974,0,2,0,0,0
34,2,0,0,2,0,0.0,0.028973721622949186,0,2,0,0,0
34,3,0,0,2,0,0.0,0.117316373100346,0,2,0,0,0
34,4,0,0,2,0,0.0,0.05847827538615329,0,2,0,0,0
34,5,0,0,2,0,0.0,0.4528506004637242,0,2,0,0,0
34,6,0,0,2,0,0.0,0.5134758439773874,0,2,0,0,0
34,7,0,0,2,0,0.0,0.9107963111544048,0,2,0,0,0
34,8,0,0,2,0,0.0,0.8585232907747872,0,2,0,0,0
34,9,0,0,2,0,0.0,0.9767697614247397,0,2,0,0,0
34,10,0,0,2,0,0.0,0.42109467945812895,0,2,0,0,0
34,11,0,0,2,0,0.0,0.14913926699879185,0,2,0,0,0
35,0,1,2,0,869,0.0,0.3775406687981454,0,1,0,0,4
35,1,1,2,0,3475,1.4882093873576565,0.014478252920361614,0,1,3,0,4
35,2,4,1,0,1579,1.5572565011763924,0.012210887516078529,0,1,2,0,4
35,3,3,5,0,6762,1.0575926370874966,0.04132907626555122,0,1,1,0,4
35,4,2,4,1,13,-0.7417918579353566,0.7948610303915082,0,1,0,0,4
35,5,0,0,2,0,0.0,0.9665875525079928,0,1,0,0,4
35,6,0,0,2,0,0.0,0.9980559429185923,0,1,0,0,4
35,7,0,0,2,0,0.0,0.9883750081307867,0,1,0,0,4
35,8,0,0,2,0,0.0,0.9991484906775504,0,1,0,0,4
35,9,0,0,2,0,0.0,0.9927639893995248,0,1,0,0,4
35,10,0,0,2,0,0.0,0.7877964525027221,0,1,0,0,4
35,11,0,0,2,0,0.0,0.7509350849371526,0,1,0,0,4
36,0,0,5,1,19,0.0,0.2689414213699951,0,0,0,0,0
36,1,0,0,2,0,0.0,0.07271892023604057,0,0,0,0,0
36,2,0,0,2,0,0.0,0.04446204134682988,0,0,0,0,0
36,3,0,0,2,0,0.0,0.0260480713421969,0,0,0,0,0
36,4,0,0,2,0,0.0,0.8825716342270213,0,0,0,0,0
36,5,0,0,2,0,0.0,0.9983235313659758,0,0,0,0,0
36,6,0,0,2,0,0.0,0.9869106407951292,0,0,0,0,0
36,7,0,0,2,0,0.0,0.8602530571419905,0,0,0,0,0
36,8,0,0,2,0,0.0,0.3403907784100039,0,0,0,0,0
36,9,0,0,2,0,0.0,0.6709916383343518,0,0,0,0,0
36,10,0,0,2,0,0.0,0.19643583028078215,0,0,0,0,0
36,11,0,0,2,0,0.0,0.4889444929248813,0,0,0,0,0
37,0,4,0,0,594,0.0,0.1544652650835347,1,0,0,0,7
37,1,1,3,0,3123,0.938021233333519,0.017207493078774973,1,0,6,0,7
37,2,1,3,0,1619,1.4297680054047373,0.005094835639120155,1,0,5,0,7
37,3,0,3,0,2547,1.0119602381628527,0.014345061505080338,1,0,4,0,7
37,4,2,3,0,2172,0.8551165000252166,0.02108689236010906,1,0,3,0,7
37,5,0,5,0,1372,0.2256746927533977,0.09413275172224972,1,0,2,0,7
37,6,1,7,0,9,-0.4094943629541019,0.33709562781306196,1,0,1,0,7
37,7,1,3,1,35,-2.245870333325988,0.9804430882329905,1,0,0,0,7
37,8,0,0,2,0,0.0,0.9240279476552026,1,0,0,0,7
37,9,0,0,2,0,0.0,0.9818502462498532,1,0,0,0,7
37,10,0,0,2,0,0.0,0.7998081346482524,1,0,0,0,7
37,11,0,0,2,0,0.0,0.9661722113026056,1,0,0,0,7
38,0,1,3,0,9,0.0,0.3775406687981454,0,2,0,0,4
38,1,1,2,0,3149,1.4687576022264053,0.015188764518854616,0,2,3,0,4
38,2,2,2,0,2035,1.4596070957349572,0.015534771578911661,0,2,2,0,4
38,3,1,2,0,1483,1.1684663895852232,0.0316404841627872,0,2,1,0,4
38,4,3,1,1,1853,1.0279346209643914,0.04436875727874217,0,2,0,0,4
38,5,0,0,2,0,0.0,0.10188415436057147,0,2,0,0,4
38,6,0,0,2,0,0.0,0.8019818184403432,0,2,0,0,4
38,7,0,0,2,0,0.0,0.17111184891047831,0,2,0,0,4
38,8,0,0,2,0,0.0,0.27810395329392823,0,2,0,0,4
38,9,0,0,2,0,0.0,0.2143080240449462,0,2,0,0,4
38,10,0,0,2,0,0.0,0.046702748242493465,0,2,0,0,4
38,11,0,0,2,0,0.0,0.059111723734070636,0,2,0,0,4
39,0,3,2,1,105,0.0,0.3775406687981454,0,1,0,0,0
39,1,0,0,2,0,0.0,0.010203176632260974,0,1,0,0,0
39,2,0,0,2,0,0.0,0.2645202996046951,0,1,0,0,0
39,3,0,0,2,0,0.0,0.3689707762675363,0,1,0,0,0
39,4,0,0,2,0,0.0,0.6856695602596903,0,1,0,0,0
39,5,0,0,2,0,0.0,0.9487946067890854,0,1,0,0,0
39,6,0,0,2,0,0.0,0.9002942013785437,0,1,0,0,0
39,7,0,0,2,0,0.0,0.8497064060631102,0,1,0,0,0
39,8,0,0,2,0,0.0,0.9749387922881103,0,1,0,0,0
39,9,0,0,2,0,0.0,0.9800971670750196,0,1,0,0,0
39,10,0,0,2,0,0.0,0.6853587310504633,0,1,0,0,0
39,11,0,0,2,0,0.0,0.45332230037437216,0,1,0,0,0
40,0,2,3,0,373,0.0,0.1544652650835347,1,0,0,0,7
40,1,0,2,0,6681,1.6128105917482007,0.0032300368148869005,1,0,6,0,7
40,2,3,4,0,1114,1.4337609678683112,0.005044485203869832,1,0,5,0,7
40,3,0,4,0,1764,0.4107012557301051,0.06141305040152628,1,0,4,0,7
40,4,1,0,0,374,0.10918937348073987,0.12206986919201239,1,0,3,0,7
40,5,1,4,0,3985,0.8884473414793419,0.019433761661203783,1,0,2,0,7
40,6,2,3,0,1418,0.20068354907694252,0.09959713671622346,1,0,1,0,7
40,7,2,3,1,320,-0.341327687070736,0.3001296023842943,1,0,0,0,7
40,8,0,0,2,0,0.0,0.5630588146361931,1,0,0,0,7
40,9,0,0,2,0,0.0,0.0639402281378812,1,0,0,0,7
40,10,0,0,2,0,0.0,0.015500588519190929,1,0,0,0,7
40,11,0,0,2,0,0.0,0.03808330957449656,1,0,0,0,7
41,0,2,3,0,2089,0.0,0.23147521650098238,1,1,0,0,2
41,1,2,5,0,7403,1.6128105917482007,0.005314294862474473,1,1,1,0,2
41,2,2,2,1,7427,0.505376971124343,0.07846107119544936,1,1,0,0,2
41,3,0,0,2,0,0.0,0.13832990344984494,1,1,0,0,2
41,4,0,0,2,0,0.0,0.05056031120871797,1,1,0,0,2
41,5,0,0,2,0,0.0,0.026356271130719856,1,1,0,0,2
41,6,0,0,2,0,0.0,0.4794890644509726,1,1,0,0,2
41,7,0,0,2,0,0.0,0.13078368215114902,1,1,0,0,2
41,8,0,0,2,0,0.0,0.09941502598454857,1,1,0,0,2
41,9,0,0,2,0,0.0,0.08870306909128546,1,1,0,0,2
41,10,0,0,2,0,0.0,0.14893229338482888,1,1,0,0,2
41,11,0,0,2,0,0.0,0.22585649587445075,1,1,0,0,2
42,0,1,1,1,725,0.0,0.3775406687981454,0,1,0,0,0
42,1,0,0,2,0,0.0,0.021317831187354225,0,1,0,0,0
42,2,0,0,2,0,0.0,0.03679496266893386,0,1,0,0,0
42,3,0,0,2,0,0.0,0.9124735201786021,0,1,0,0,0
42,4,0,0,2,0,0.0,0.9839075018385757,0,1,0,0,0
42,5,0,0,2,0,0.0,0.6970418510835004,0,1,0,0,0
42,6,0,0,2,0,0.0,0.950117177457813,0,1,0,0,0
42,7,0,0,2,0,0.0,0.7632507302911921,0,1,0,0,0
42,8,0,0,2,0,0.0,0.8906994232533387,0,1,0,0,0
42,9,0,0,2,0,0.0,0.4226677986040621,0,1,0,0,0
42,10,0,0,2,0,0.0,0.7174441689996531,0,1,0,0,0
42,11,0,0,2,0,0.0,0.9989421935069495,0,1,0,0,0
43,0,1,1,0,26,0.0,0.3775406687981454,0,2,0,0,7
43,1,0,5,0,3917,1.3306652294228267,0.021317831187354225,0,2,6,0,7
43,2,0,2,0,3430,0.9863516699928374,0.04899136077634297,0,2,5,0,7
43,3,2,1,0,1076,0.8324886629284985,0.07035678435790635,0,2,4,0,7
43,4,4,3,0,5170,1.2273283381281206,0.027429570549124222,0,2,3,0,7
43,5,1,2,0,22,-0.06578448875842646,0.41689356657883436,0,2,2,0,7
43,6,2,3,0,155,0.17434288796774355,0.2817379239143666,0,2,1,0,7
43,7,1,2,1,26,-0.38554972000547183,0.6139328643950398,0,2,0,0,7
43,8,0,0,2,0,0.0,0.3987351957586556,0,2,0,0,7
43,9,0,0,2,0,0.0,0.4749860330448837,0,2,0,0,7
43,10,0,0,2,0,0.0,0.7567097707604119,0,2,0,0,7
43,11,0,0,2,0,0.0,0.9611980884253778,0,2,0,0,7
44,0,4,2,1,9,0.0,0.3775406687981454,0,2,0,0,0
44,1,0,0,2,0,0.0,0.013970822816957999,0,2,0,0,0
44,2,0,0,2,0,0.0,0.11317383467743629,0,2,0,0,0
44,3,0,0,2,0,0.0,0.8182302830321208,0,2,0,0,0
44,4,0,0,2,0,0.0,0.5614750580516109,0,2,0,0,0
44,5,0,0,2,0,0.0,0.5934807359357962,0,2,0,0,0
44,6,0,0,2,0,0.0,0.2080978925023412,0,2,0,0,0
44,7,0,0,2,0,0.0,0.5357400733074972,0,2,0,0,0
44,8,0,0,2,0,0.0,0.5741095771924244,0,2,0,0,0
44,9,0,0,2,0,0.0,0.6009548914530727,0,2,0,0,0
44,10,0,0,2,0,0.0,0.3898443679903522,0,2,0,0,0
44,11,0,0,2,0,0.0,0.14420866301541788,0,2,0,0,0
45,0,2,2,0,291,0.0,0.3775406687981454,0,1,0,0,3
45,1,3,2,0,1233,1.662262376879452,0.009418130192815791,0,1,2,0,3
45,2,3,0,0,2428,1.2392939221559918,0.02664273195711401,0,1,1,0,3
45,3,0,0,1,981,1.03112961050615,0.04403131687948497,0,1,0,0,3
45,4,0,0,2,0,0.0,0.01521965051313571,0,1,0,0,3
45,5,0,0,2,0,0.0,0.013049527073115953,0,1,0,0,3
45,6,0,0,2,0,0.0,0.03679801650880493,0,1,0,0,3
45,7,0,0,2,0,0.0,0.047134881929873425,0,1,0,0,3
45,8,0,0,2,0,0.0,0.11048304296676492,0,1,0,0,3
45,9,0,0,2,0,0.0,0.6148186050631202,0,1,0,0,3
45,10,0,0,2,0,0.0,0.9337995802210405,0,1,0,0,3
45,11,0,0,2,0,0.0,0.9593380264182912,0,1,0,0,3
46,0,2,1,0,13,0.0,0.2689414213699951,0,0,0,0,5
46,1,2,3,0,2917,1.5347182189446225,0.007870004195234469,0,0,4,0,5
46,2,1,0,0,2754,1.3790785495772697,0.011570067594492405,0,0,3,0,5
46,3,2,4,0,3432,1.5495095142331539,0.007586467757698313,0,0,2,0,5
46,4,3,2,0,333,0.6275885974925943,0.0711622565095471,0,0,1,0,5
46,5,1,3,1,14,-0.010468701736772168,0.27411810961761873,0,0,0,0,5
46,6,0,0,2,0,0.0,0.3465018351354996,0,0,0,0,5
46,7,0,0,2,0,0.0,0.9826811532573811,0,0,0,0,5
46,8,0,0,2,0,0.0,0.9430970120262387,0,0,0,0,5
46,9,0,0,2,0,0.0,0.9578904693916843,0,0,0,0,5
46,10,0,0,2,0,0.0,0.7498344861515501,0,0,0,0,5
46,11,0,0,2,0,0.0,0.8720919079053915,0,0,0,0,5
47,0,3,0,0,2,0.0,0.3775406687981454,0,2,0,0,3
47,1,4,2,0,2776,1.0052555179585632,0.04683582339987155,0,2,2,0,3
47,2,4,3,0,183,1.0778232755000041,0.03937102211791204,0,2,1,0,3
47,3,2,2,1,6,-0.22051814225257704,0.5128210277926748,0,2,0,0,3
47,4,0,0,2,0,0.0,0.5565596629605761,0,2,0,0,3
47,5,0,0,2,0,0.0,0.19393219670327502,0,2,0,0,3
47,6,0,0,2,0,0.0,0.15921847364183303,0,2,0,0,3
47,7,0,0,2,0,0.0,0.26422962387053384,0,2,0,0,3
47,8,0,0,2,0,0.0,0.9748424831358542,0,2,0,0,3
47,9,0,0,2,0,0.0,0.9984469135562802,0,2,0,0,3
47,10,0,0,2,0,0.0,0.9651983760274871,0,2,0,0,3
47,11,0,0,2,0,0.0,0.3699532306550812,0,2,0,0,3
48,0,3,2,0,17,0.0,0.3775406687981454,0,2,0,0,7
48,1,0,4,0,5019,1.6299202347219506,0.010203176632260974,0,2,6,0,7
48,2,3,3,0,1399,1.204785705153809,0.028973721622949186,0,2,5,0,7
48,3,0,3,0,1289,0.2866894460810734,0.22851354733801885,0,2,4,0,7
48,4,1,3,0,1095,0.37306931173929403,0.192682498048535,0,2,3,0,7
48,5,1,1,0,580,0.12763630049999142,0.3059567022444018,0,2,2,0,7
48,6,2,4,0,278,0.6127971940103605,0.11588457374350242,0,2,1,0,7
48,7,0,4,1,54,-0.38730914935955507,0.6149748873088496,0,2,0,0,7
48,8,0,0,2,0,0.0,0.6568597856893547,0,2,0,0,7
48,9,0,0,2,0,0.0,0.4915011177649968,0,2,0,0,7
48,10,0,0,2,0,0.0,0.48541355604028047,0,2,0,0,7
48,11,0,0,2,0,0.0,0.1816780807399409,0,2,0,0,7
49,0,0,0,0,1545,0.0,0.23147521650098238,1,1,0,1,0
49,1,2,5,0,1581,0.0,0.23147521650098238,1,1,0,1,0
49,2,3,1,0,9758,1.2958597131169793,0.01166245838531504,1,1,0,1,0
49,3,2,1,0,1263,0.9860081955780757,0.024964465336430385,1,1,0,1,0
49,4,4,2,0,3916,0.8988781926960143,0.03085260623720135,1,1,0,1,0
49,5,2,1,0,1222,-0.13718481358382295,0.29795857069935033,1,1,0,1,0
49,6,3,0,0,5137,0.12598225983955835,0.18020552705618734,1,1,0,1,0
49,7,2,2,0,3736,0.27116302989567576,0.13262939874123927,1,1,0,1,0
49,8,1,2,0,89,0.07977728164824294,0.19790448140484818,1,1,0,1,0
49,9,0,0,0,1150,0.27839008438382074,0.13056467958307616,1,1,0,1,0
49,10,0,3,0,5065,1.2171837333103133,0.014161586557454867,1,1,0,1,0
49,11,3,2,0,921,1.0505566619866924,0.02132349463266408,1,1,0,1,0
50,0,0,0,0,1601,0.0,0.1544652650835347,1,0,0,0,8
50,1,3,3,0,1221,0.0,0.1544652650835347,1,0,7,0,8
50,2,1,2,0,8983,1.5504684495906993,0.003772750344719073,1,0,6,0,8
50,3,1,1,0,1138,1.3517682817259693,0.0061850206683141526,1,0,5,0,8
50,4,3,3,0,4558,1.3853133130906505,0.005690313997673208,1,0,4,0,8
50,5,1,2,0,2212,0.3988709661335066,0.06314011591647017,1,0,3,0,8
50,6,4,2,0,1925,0.4848662362724281,0.051555440649994386,1,0,2,0,8
50,7,3,3,0,20,-0.5183230501811971,0.4003054948948002,1,0,1,0,8
50,8,2,4,1,15,-1.3668832636303598,0.8477688799914757,1,0,0,0,8
50,9,0,0,2,0,0.0,0.9669662757998756,1,0,0,0,8
50,10,0,0,2,0,0.0,0.8930617215016438,1,0,0,0,8
50,11,0,0,2,0,0.0,0.9754791756350413,1,0,0,0,8
51,0,2,4,0,1142,0.0,0.23147521650098238,1,2,0,0,9
51,1,2,4,0,6194,1.4792820212273305,0.007404722353210635,1,2,8,0,9
51,2,0,0,0,2962,0.5982383008997643,0.0632337414039166,1,2,7,0,9
51,3,0,2,0,3259,1.31567969759009,0.011104928145112053,1,2,6,0,9
51,4,0,1,0,5348,1.2337836741807249,0.013593736245916761,1,2,5,0,9
51,5,2,1,0,2962,1.295434162491595,0.0116747274735018,1,2,4,0,9
51,6,1,2,0,2321,1.352469111502641,0.010139023851094973,1,2,3,0,9
51,7,2,1,0,5651,1.1742357713223202,0.0157414783157548,1,2,2,0,9
51,8,2,3,0,2792,1.0610966005163034,0.02078048529820048,1,2,1,0,9
51,9,4,1,1,1292,0.3685110819787125,0.10704587709641303,1,2,0,0,9
51,10,0,0,2,0,0.0,0.34812791272730287,1,2,0,0,9
51,11,0,0,2,0,0.0,0.38868782196510654,1,2,0,0,9
52,0,1,1,0,15,0.0,0.2689414213699951,0,0,0,0,8
52,1,5,1,0,3849,1.3306652294228267,0.013039290648909636,0,0,7,0,8
52,2,2,2,0,256,1.1919013173982997,0.01834733352882031,0,0,6,0,8
52,3,0,2,0,2388,0.8917377322006899,0.03807625464735036,0,0,5,0,8
52,4,0,2,0,1676,1.1024079642725857,0.022842613841686846,0,0,4,0,8
52,5,0,1,0,4939,1.1935348421812355,0.018273925674255204,0,0,3,0,8
52,6,2,1,0,2499,1.3954561174438227,0.011111067996985167,0,0,2,0,8
52,7,1,5,0,1615,1.2858006735869845,0.014564427241116697,0,0,1,0,8
52,8,3,1,1,539,0.2448084564774018,0.16630819376637196,0,0,0,0,8
52,9,0,0,2,0,0.0,0.23796945082042287,0,0,0,0,8
52,10,0,0,2,0,0.0,0.08161369380470078,0,0,0,0,8
52,11,0,0,2,0,0.0,0.14853793073766186,0,0,0,0,8
53,0,1,4,0,279,0.0,0.23147521650098238,1,2,0,0,6
53,1,0,1,0,5843,1.365229031705535,0.009823822518075375,1,2,5,0,6
53,2,0,3,0,561,1.277976863594143,0.012189184451624114,1,2,4,0,6
53,3,0,4,0,954,0.8940283100804889,0.03121721324602982,1,2,3,0,6
53,4,2,0,0,833,0.3134903156186839,0.12092222665992827,1,2,2,0,6
53,5,3,3,0,3902,1.1527032885779342,0.016597633745130517,1,2,1,0,6
53,6,2,3,1,1197,0.21331579095801168,0.15016730297094716,1,2,0,0,6
53,7,0,0,2,0,0.0,0.4214099901813818,1,2,0,0,6
53,8,0,0,2,0,0.0,0.6912103099191395,1,2,0,0,6
53,9,0,0,2,0,0.0,0.20428205839656507,1,2,0,0,6
53,10,0,0,2,0,0.0,0.739834770266626,1,2,0,0,6
53,11,0,0,2,0,0.0,0.22968945842941413,1,2,0,0,6
54,0,0,0,0,798,0.0,0.23147521650098238,1,2,0,1,0
54,1,0,3,0,740,0.0,0.23147521650098238,1,2,0,1,0
54,2,0,0,0,2166,0.815212931632136,0.03775931799305837,1,2,0,1,0
54,3,0,2,0,3694,0.8113935717470181,0.038107780617192576,1,2,0,1,0
54,4,0,1,0,1135,0.7882694693389392,0.04028436211116661,1,2,0,1,0
54,5,1,2,0,4257,0.7912100410874505,0.040001103155543664,1,2,0,1,0
54,6,1,6,0,2321,1.3088224119907468,0.011294774712184695,1,2,0,1,0
54,7,1,3,0,614,0.2374719587887879,0.14262214968581624,1,2,0,1,0
54,8,0,4,0,1145,0.06591081099274798,0.20346500700639597,1,2,0,1,0
54,9,3,0,0,273,-0.2488213027579933,0.35940518476861816,1,2,0,1,0
54,10,0,3,0,1226,0.20979666834138433,0.15129351232653812,1,2,0,1,0
54,11,1,4,0,778,0.30867014698615036,0.122209049673347,1,2,0,1,0
55,0,1,5,1,7,0.0,0.3775406687981454,0,2,0,0,0
55,1,0,0,2,0,0.0,0.02848395580544454,0,2,0,0,0
55,2,0,0,2,0,0.0,0.06782277723779818,0,2,0,0,0
55,3,0,0,2,0,0.0,0.041001033674471485,0,2,0,0,0
55,4,0,0,2,0,0.0,0.014161874022156686,0,2,0,0,0
55,5,0,0,2,0,0.0,0.014451934347539398,0,2,0,0,0
55,6,0,0,2,0,0.0,0.02381339562423728,0,2,0,0,0
55,7,0,0,2,0,0.0,0.03517192720000146,0,2,0,0,0
55,8,0,0,2,0,0.0,0.5449679434072894,0,2,0,0,0
55,9,0,0,2,0,0.0,0.3524849396802318,0,2,0,0,0
55,10,0,0,2,0,0.0,0.24565781733561928,0,2,0,0,0
55,11,0,0,2,0,0.0,0.0995037361937214,0,2,0,0,0
56,0,0,2,1,51,0.0,0.3775406687981454,0,2,0,0,0
56,1,0,0,2,0,0.0,0.0750446780733496,0,2,0,0,0
56,2,0,0,2,0,0.0,0.03667273132956952,0,2,0,0,0
56,3,0,0,2,0,0.0,0.3361126017695478,0,2,0,0,0
56,4,0,0,2,0,0.0,0.23550613238058155,0,2,0,0,0
56,5,0,0,2,0,0.0,0.05065078046813475,0,2,0,0,0
56,6,0,0,2,0,0.0,0.06261590449292694,0,2,0,0,0
56,7,0,0,2,0,0.0,0.04456370116019759,0,2,0,0,0
56,8,0,0,2,0,0.0,0.015757275332646994,0,2,0,0,0
56,9,0,0,2,0,0.0,0.05742190879576028,0,2,0,0,0
56,10,0,0,2,0,0.0,0.24916387831600026,0,2,0,0,0
56,11,0,0,2,0,0.0,0.9733441570579675,0,2,0,0,0
57,0,2,3,0,782,0.0,0.1544652650835347,1,0,0,0,4
57,1,2,3,0,1818,1.6128105917482007,0.0032300368148869005,1,0,3,0,4
57,2,1,2,0,2289,1.0701053294820932,0.012428418415457197,1,0,2,0,4
57,3,4,5,0,1078,0.9537950738858887,0.016553141761579886,1,0,1,0,4
57,4,0,3,1,12,-1.2975027262772527,0.8240101921738124,1,0,0,0,4
57,5,0,0,2,0,0.0,0.4646959930716583,1,0,0,0,4
57,6,0,0,2,0,0.0,0.05373253121120399,1,0,0,0,4
57,7,0,0,2,0,0.0,0.20067010370991076,1,0,0,0,4
57,8,0,0,2,0,0.0,0.7201000792858252,1,0,0,0,4
57,9,0,0,2,0,0.0,0.3632661484814448,1,0,0,0,4
57,10,0,0,2,0,0.0,0.8285994598538126,1,0,0,0,4
57,11,0,0,2,0,0.0,0.9633602483023463,1,0,0,0,4
58,0,2,2,0,6,0.0,0.2689414213699951,0,0,0,1,0
58,1,1,2,0,8131,1.662262376879452,0.0057336321003116685,0,0,0,1,0
58,2,1,2,0,4825,1.5531651860923792,0.007517968408189285,0,0,0,1,0
58,3,0,0,0,2075,1.3575448563937922,0.012202195378728558,0,0,0,1,0
58,4,2,2,0,4977,1.6032003024222286,0.006639870830663257,0,0,0,1,0
58,5,2,2,0,1402,1.3058564288555834,0.013862053976942597,0,0,0,1,0
58,6,3,2,0,1363,0.9010357617610005,0.037233952138594394,0,0,0,1,0
58,7,2,2,0,314,0.2244267660490964,0.17349360494801744,0,0,0,1,0
58,8,0,3,0,118,0.027891413053214187,0.25545471318716717,0,0,0,1,0
58,9,0,4,0,629,0.22982834135189556,0.17156575639445465,0,0,0,1,0
58,10,4,1,0,37,-0.013264573984621997,0.2755110915230852,0,0,0,1,0
58,11,1,5,0,14,-0.49364307434673416,0.5582610741875839,0,0,0,1,0
59,0,0,2,0,807,0.0,0.23147521650098238,1,2,0,1,0
59,1,1,2,0,2495,0.8046647167633874,0.038729219719513715,1,2,0,1,0
59,2,2,4,0,2974,1.4347714006339432,0.008269080504533906,1,2,0,1,0
59,3,3,4,0,4793,0.8809622617556772,0.03222036659421289,1,2,0,1,0
59,4,0,1,0,10,-0.4849772522125253,0.5031107424961886,1,2,0,1,0
59,5,2,3,0,2372,0.5532918324265093,0.0702255659223554,1,2,0,1,0
59,6,1,2,0,1167,-0.06407544122104714,0.26118638664128985,1,2,0,1,0
59,7,1,3,0,3184,0.17074096847166498,0.16426200433811164,1,2,0,1,0
59,8,1,1,0,688,-0.021762412961135347,0.24129478280799213,1,2,0,1,0
59,9,1,0,0,1561,0.5248586933241837,0.07501102378432666,1,2,0,1,0
59,10,1,2,0,1793,1.1175409985526772,0.018095113871525886,1,2,0,1,0
59,11,1,0,0,4734,0.9896998791216571,0.024740797135386114,1,2,0,1,0
60,0,3,2,0,734,0.0,0.3775406687981454,0,1,0,0,7
60,1,1,1,0,13601,1.6299202347219506,0.010203176632260974,0,1,6,0,7
60,2,1,2,0,6320,1.601473003838318,0.010946999609712812,0,1,5,0,7
60,3,2,1,0,1489,1.4205352076806383,0.01710152792511086,0,1,4,0,7
60,4,1,2,0,5509,1.242926180047093,0.026408254023222787,0,1,3,0,7
60,5,2,5,0,5595,1.0932110924998615,0.037941574045828694,0,1,2,0,7
60,6,1,3,0,21,-0.3142135400648254,0.5709023956375445,0,1,1,0,7
60,7,2,5,1,6,-0.36792027104200464,0.6034355527825873,0,1,0,0,7
60,8,0,0,2,0,0.0,0.9776182253812196,0,1,0,0,7
60,9,0,0,2,0,0.0,0.8417764369764235,0,1,0,0,7
60,10,0,0,2,0,0.0,0.9736137946044396,0,1,0,0,7
60,11,0,0,2,0,0.0,0.9352972752154559,0,1,0,0,7
61,0,1,2,0,37,0.0,0.3775406687981454,0,1,0,0,7
61,1,2,2,0,7128,1.4882093873576565,0.014478252920361614,0,1,6,0,7
61,2,2,0,0,2741,1.5278301147519744,0.013130820802713909,0,1,5,0,7
61,3,0,1,0,1739,1.4932215072441315,0.01430054611678151,0,1,4,0,7
61,4,1,3,0,10525,1.6160374844682188,0.010559708878527922,0,1,3,0,7
61,5,2,3,0,5636,1.2205413910508247,0.027885859935019602,0,1,2,0,7
61,6,4,6,0,728,0.5420155716474624,0.1352823538048745,0,1,1,0,7
61,7,0,3,1,21,-2.2950574962043424,0.994715315918702,0,1,0,0,7
61,8,0,0,2,0,0.0,0.9304575931307407,0,1,0,0,7
61,9,0,0,2,0,0.0,0.9872449936385697,0,1,0,0,7
61,10,0,0,2,0,0.0,0.8863270935328266,0,1,0,0,7
61,11,0,0,2,0,0.0,0.445639428079062,0,1,0,0,7
62,0,1,2,0,3741,0.0,0.23147521650098238,1,1,0,0,5
62,1,1,4,0,2237,1.4882093873576565,0.007242474875860614,1,1,4,0,5
62,2,2,1,0,5043,1.2201131901941056,0.01405970388952759,1,1,3,0,5
62,3,1,3,0,4056,1.1893842559056276,0.01516534849097295,1,1,2,0,5
62,4,1,1,0,1406,0.7745608319350832,0.04163043023705185,1,1,1,0,5
62,5,3,1,1,7533,1.0130128378492134,0.023372798978486646,1,1,0,0,5
62,6,0,0,2,0,0.0,0.05500292580141383,1,1,0,0,5
62,7,0,0,2,0,0.0,0.11041605612537202,1,1,0,0,5
62,8,0,0,2,0,0.0,0.8112133388777778,1,1,0,0,5
62,9,0,0,2,0,0.0,0.4906408971287048,1,1,0,0,5
62,10,0,0,2,0,0.0,0.7311351018791737,1,1,0,0,5
62,11,0,0,2,0,0.0,0.22306807365140047,1,1,0,0,5
63,0,1,2,1,1261,0.0,0.23147521650098238,1,1,0,0,0
63,1,0,0,2,0,0.0,0.007242474875860614,1,1,0,0,0
63,2,0,0,2,0,0.0,0.009452100371284137,1,1,0,0,0
63,3,0,0,2,0,0.0,0.050666841346773385,1,1,0,0,0
63,4,0,0,2,0,0.0,0.21422110162157146,1,1,0,0,0
63,5,0,0,2,0,0.0,0.01864640426464989,1,1,0,0,0
63,6,0,0,2,0,0.0,0.013992123245129237,1,1,0,0,0
63,7,0,0,2,0,0.0,0.011545678204913408,1,1,0,0,0
63,8,0,0,2,0,0.0,0.06953562434769762,1,1,0,0,0
63,9,0,0,2,0,0.0,0.05970939822487573,1,1,0,0,0
63,10,0,0,2,0,0.0,0.03240023996620945,1,1,0,0,0
63,11,0,0,2,0,0.0,0.025441992204391542,1,1,0,0,0
64,0,0,3,0,296,0.0,0.23147521650098238,1,2,0,0,4
64,1,1,2,0,6925,0.815212931632136,0.03775931799305837,1,2,3,0,4
64,2,2,5,0,4283,1.351821995192508,0.010155273235749003,1,2,2,0,4
64,3,2,4,0,2209,0.4430978503501002,0.09048358230557266,1,2,1,0,4
64,4,0,5,1,17,-0.5176066114313689,0.5234868344711985,1,2,0,0,4
64,5,0,0,2,0,0.0,0.7774234349091733,1,2,0,0,4
64,6,0,0,2,0,0.0,0.9543114543280056,1,2,0,0,4
64,7,0,0,2,0,0.0,0.7275358885856895,1,2,0,0,4
64,8,0,0,2,0,0.0,0.8501728662091081,1,2,0,0,4
64,9,0,0,2,0,0.0,0.908281920488345,1,2,0,0,4
64,10,0,0,2,0,0.0,0.9376126712349571,1,2,0,0,4
64,11,0,0,2,0,0.0,0.9527983844740509,1,2,0,0,4
65,0,0,0,0,3632,0.0,0.23147521650098238,1,1,0,0,1
65,1,0,3,1,1154,0.0,0.23147521650098238,1,1,0,0,1
65,2,0,0,2,0,0.0,0.03775931799305837,1,1,0,0,1
65,3,0,0,2,0,0.0,0.007078869520356402,1,1,0,0,1
65,4,0,0,2,0,0.0,0.01955603733693438,1,1,0,0,1
65,5,0,0,2,0,0.0,0.023564285356882004,1,1,0,0,1
65,6,0,0,2,0,0.0,0.016171763431598766,1,1,0,0,1
65,7,0,0,2,0,0.0,0.042172738560038905,1,1,0,0,1
65,8,0,0,2,0,0.0,0.046649782460539246,1,1,0,0,1
65,9,0,0,2,0,0.0,0.6253314698846816,1,1,0,0,1
65,10,0,0,2,0,0.0,0.9773801046017633,1,1,0,0,1
65,11,0,0,2,0,0.0,0.9935754119143,1,1,0,0,1
66,0,1,0,0,348,0.0,0.3775406687981454,0,1,0,0,1
66,1,1,3,1,854,0.7435446705942692,0.0863639719002222,0,1,0,0,1
66,2,0,0,2,0,0.0,0.010996653056016319,0,1,0,0,1
66,3,0,0,2,0,0.0,0.06280153641006019,0,1,0,0,1
66,4,0,0,2,0,0.0,0.039013119360542615,0,1,0,0,1
66,5,0,0,2,0,0.0,0.3607750535540769,0,1,0,0,1
66,6,0,0,2,0,0.0,0.2545931197748007,0,1,0,0,1
66,7,0,0,2,0,0.0,0.3530864408629606,0,1,0,0,1
66,8,0,0,2,0,0.0,0.44631920648000584,0,1,0,0,1
66,9,0,0,2,0,0.0,0.9607650100204786,0,1,0,0,1
66,10,0,0,2,0,0.0,0.916653187850656,0,1,0,0,1
66,11,0,0,2,0,0.0,0.9519853647859572,0,1,0,0,1
67,0,3,1,1,1878,0.0,0.1544652650835347,1,0,0,0,0
67,1,0,0,2,0,0.0,0.003946624489902301,1,0,0,0,0
67,2,0,0,2,0,0.0,0.05735958941963275,1,0,0,0,0
67,3,0,0,2,0,0.0,0.6858845056306077,1,0,0,0,0
67,4,0,0,2,0,0.0,0.34152474624151685,1,0,0,0,0
67,5,0,0,2,0,0.0,0.5994950226375152,1,0,0,0,0
67,6,0,0,2,0,0.0,0.13977194104961227,1,0,0,0,0
67,7,0,0,2,0,0.0,0.04183216954605353,1,0,0,0,0
67,8,0,0,2,0,0.0,0.17569478556826346,1,0,0,0,0
67,9,0,0,2,0,0.0,0.4327285459773949,1,0,0,0,0
67,10,0,0,2,0,0.0,0.41329056504425354,1,0,0,0,0
67,11,0,0,2,0,0.0,0.853301704519748,1,0,0,0,0
68,0,2,0,0,1043,0.0,0.3775406687981454,0,1,0,0,1
68,1,1,1,1,3736,0.9775976601160647,0.050021133601651085,0,1,0,0,1
68,2,0,0,2,0,0.0,0.012435978819634569,0,1,0,0,1
68,3,0,0,2,0,0.0,0.014685696006349606,0,1,0,0,1
68,4,0,0,2,0,0.0,0.023770665612553525,0,1,0,0,1
68,5,0,0,2,0,0.0,0.06565171021633023,0,1,0,0,1
68,6,0,0,2,0,0.0,0.9516261280864773,0,1,0,0,1
68,7,0,0,2,0,0.0,0.99025938451765,0,1,0,0,1
68,8,0,0,2,0,0.0,0.7642030306999799,0,1,0,0,1
68,9,0,0,2,0,0.0,0.8875868819441978,0,1,0,0,1
68,10,0,0,2,0,0.0,0.8485989704207317,0,1,0,0,1
68,11,0,0,2,0,0.0,0.7963352007611586,0,1,0,0,1
69,0,3,5,1,37,0.0,0.3775406687981454,0,2,0,0,0
69,1,0,0,2,0,0.0,0.03125585169193396,0,2,0,0,0
69,2,0,0,2,0,0.0,0.15020126524039257,0,2,0,0,0
69,3,0,0,2,0,0.0,0.4523823416509429,0,2,0,0,0
69,4,0,0,2,0,0.0,0.5144469932812682,0,2,0,0,0
69,5,0,0,2,0,0.0,0.9104385413572128,0,2,0,0,0
69,6,0,0,2,0,0.0,0.6842721262370701,0,2,0,0,0
69,7,0,0,2,0,0.0,0.9474161355346585,0,2,0,0,0
69,8,0,0,2,0,0.0,0.7590879645985614,0,2,0,0,0
69,9,0,0,2,0,0.0,0.5290886426605051,0,2,0,0,0
69,10,0,0,2,0,0.0,0.39771728688918834,0,2,0,0,0
69,11,0,0,2,0,0.0,0.1058123238396689,0,2,0,0,0
70,0,0,4,0,296,0.0,0.23147521650098238,1,1,0,1,0
70,1,2,2,0,3754,0.7416843611112658,0.04503602454522576,1,1,0,1,0
70,2,2,5,0,3522,1.3357679130670448,0.010566752542344094,1,1,0,1,0
70,3,1,0,0,1586,0.0852540317138395,0.19574004293069971,1,1,0,1,0
70,4,2,5,0,7907,0.8778215492027481,0.03246610383269846,1,1,0,1,0
70,5,0,2,0,135,-0.5338976111802038,0.5336351325561831,1,1,0,1,0
70,6,0,1,0,318,0.1857812797464713,0.15916511326944968,1,1,0,1,0
70,7,2,1,0,4774,0.8435934619833931,0.03526427965910446,1,1,0,1,0
70,8,1,2,0,5200,0.8639650785046071,0.033572055733561736,1,1,0,1,0
70,9,1,2,0,985,0.8033823555822692,0.038848749794778564,1,1,0,1,0
70,10,0,1,0,2453,0.7600302809761339,0.04310413239765131,1,1,0,1,0
70,11,2,6,0,3209,1.1823003290520107,0.015432134740501422,1,1,0,1,0
71,0,1,4,0,829,0.0,0.3775406687981454,0,1,0,0,4
71,1,1,5,0,1575,1.365229031705535,0.019587676954947814,0,1,3,0,4
71,2,0,4,0,4010,0.6266200361577385,0.11239073835525291,0,1,2,0,4
71,3,1,3,0,285,0.1335190765289398,0.3028426676283702,0,1,1,0,4
71,4,2,1,1,271,0.0397587121709968,0.35448171302849335,0,1,0,0,4
71,5,0,0,2,0,0.0,0.20856506731180507,0,1,0,0,4
71,6,0,0,2,0,0.0,0.7488844347618122,0,1,0,0,4
71,7,0,0,2,0,0.0,0.8947837140332803,0,1,0,0,4
71,8,0,0,2,0,0.0,0.9941599711530235,0,1,0,0,4
71,9,0,0,2,0,0.0,0.9980277426400124,0,1,0,0,4
71,10,0,0,2,0,0.0,0.9601162165211946,0,1,0,0,4
71,11,0,0,2,0,0.0,0.9157124848973348,0,1,0,0,4
72,0,3,1,0,8,0.0,0.2689414213699951,0,0,0,0,7
72,1,3,1,0,4391,1.5323760767871208,0.007915855196863048,0,0,6,0,7
72,2,0,2,0,5253,1.3164003800686466,0.013506296613080122,0,0,5,0,7
72,3,1,0,0,1004,1.4395771046445722,0.00996222398542245,0,0,4,0,7
72,4,2,2,0,896,1.563683196668832,0.007324288699468401,0,0,3,0,7
72,5,2,2,0,971,1.1946467989399412,0.01822412117092633,0,0,2,0,7
72,6,5,3,0,1598,0.7967143729355965,0.04779833985846321,0,0,1,0,7
72,7,4,4,1,11,-1.055227276255514,0.8372719043690732,0,0,0,0,7
72,8,0,0,2,0,0.0,0.997695214922036,0,0,0,0,7
72,9,0,0,2,0,0.0,0.9999416392057892,0,0,0,0,7
72,10,0,0,2,0,0.0,0.9780964571214777,0,0,0,0,7
72,11,0,0,2,0,0.0,0.8171249061431917,0,0,0,0,7
73,0,4,2,0,1404,0.0,0.1544652650835347,1,0,0,0,6
73,1,2,2,0,594,1.502685950096906,0.004249417572297573,1,0,5,0,6
73,2,1,3,0,3339,1.14815103358085,0.010247941760702097,1,0,4,0,6
73,3,1,3,0,4591,0.7570441128905647,0.02678898112535079,1,0,3,0,6
73,4,3,3,0,1203,0.4225457677225888,0.05972821642243473,1,0,2,0,6
73,5,3,3,0,1,-0.5671719893897085,0.42994635471042475,1,0,1,0,6
73,6,1,4,1,18,-1.405357361685486,0.8597714979399469,1,0,0,0,6
73,7,0,0,2,0,0.0,0.90285819752853,1,0,0,0,6
73,8,0,0,2,0,0.0,0.9938276393881809,1,0,0,0,6
73,9,0,0,2,0,0.0,0.8815740678261857,1,0,0,0,6
73,10,0,0,2,0,0.0,0.1399260539039325,1,0,0,0,6
73,11,0,0,2,0,0.0,0.6353083822303963,1,0,0,0,6
74,0,2,3,0,3258,0.0,0.23147521650098238,1,1,0,0,6
74,1,2,1,0,3543,1.6128105917482007,0.005314294862474473,1,1,5,0,6
74,2,2,3,0,1005,1.4811528736540511,0.0073704250242012355,1,1,4,0,6
74,3,1,3,0,908,0.8112475008354907,0.0381211686593473,1,1,3,0,6
74,4,1,2,0,3922,0.46555185812094724,0.08596884883675117,1,1,2,0,6
74,5,2,7,0,4069,0.525752478596174,0.07485613411519931,1,1,1,0,6
74,6,4,5,1,16,-1.8138089487466846,0.9655943283547116,1,1,0,0,6
74,7,0,0,2,0,0.0,0.9998717742345563,1,1,0,0,6
74,8,0,0,2,0,0.0,0.9971724483053954,1,1,0,0,6
74,9,0,0,2,0,0.0,0.998605680677338,1,1,0,0,6
74,10,0,0,2,0,0.0,0.9873369227036827,1,1,0,0,6
74,11,0,0,2,0,0.0,0.6629974307715689,1,1,0,0,6
75,0,1,1,0,1651,0.0,0.23147521650098238,1,2,0,0,5
75,1,0,1,0,3170,1.3306652294228267,0.010700961284338341,1,2,4,0,5
75,2,2,3,0,3056,1.3350141113975738,0.010586473398404002,1,2,3,0,5
75,3,3,2,0,1655,1.416025755236746,0.008662390843993152,1,2,2,0,5
75,4,1,2,0,5673,0.7779655403038619,0.04129215507505124,1,2,1,0,5
75,5,2,2,1,701,0.7470271552866568,0.04446504852022453,1,2,0,0,5
75,6,0,0,2,0,0.0,0.09403286504526932,1,2,0,0,5
75,7,0,0,2,0,0.0,0.1639963606278805,1,2,0,0,5
75,8,0,0,2,0,0.0,0.8711301383494056,1,2,0,0,5
75,9,0,0,2,0,0.0,0.9213522073542741,1,2,0,0,5
75,10,0,0,2,0,0.0,0.9424627625674779,1,2,0,0,5
75,11,0,0,2,0,0.0,0.9575015806824531,1,2,0,0,5
76,0,1,2,0,5,0.0,0.2689414213699951,0,0,0,0,9
76,1,0,4,0,2955,1.4882093873576565,0.008831816936261973,0,0,8,0,9
76,2,0,2,0,3533,1.0414310545076957,0.026504526734498008,0,0,7,0,9
76,3,0,1,0,930,0.872066111570464,0.03991899907815923,0,0,6,0,9
76,4,1,5,0,161,0.9063793090046062,0.036758018294732915,0,0,5,0,9
76,5,3,1,0,790,0.420108932446563,0.11402486662794852,0,0,4,0,9
76,6,1,1,0,159,0.41120195526142167,0.11629380191171841,0,0,3,0,9
76,7,1,1,0,1347,0.7886962380537683,0.048718990938078896,0,0,2,0,9
76,8,4,3,0,1001,1.0226044084856358,0.027746387928519453,0,0,1,0,9
76,9,1,3,1,23,-0.37665324890834295,0.4854124216153196,0,0,0,0,9
76,10,0,0,2,0,0.0,0.5039867411748417,0,0,0,0,9
76,11,0,0,2,0,0.0,0.14757537406829346,0,0,0,0,9
77,0,2,2,0,1013,0.0,0.1544652650835347,1,0,0,0,5
77,1,1,3,0,7137,1.662262376879452,0.002855479479087193,1,0,4,0,5
77,2,3,4,0,1613,1.3852611161496364,0.005691052362459838,1,0,3,0,5
77,3,0,0,0,728,0.11355941018714377,0.12090386597345994,1,0,2,0,5
77,4,5,4,0,5141,1.1311367187631072,0.010688489981928354,1,0,1,0,5
77,5,2,1,1,28,-1.0703133685332809,0.726270754237996,1,0,0,0,5
77,6,0,0,2,0,0.0,0.37154534360133523,1,0,0,0,5
77,7,0,0,2,0,0.0,0.37478283117842837,1,0,0,0,5
77,8,0,0,2,0,0.0,0.8390068987820278,1,0,0,0,5
77,9,0,0,2,0,0.0,0.47016757632132744,1,0,0,0,5
77,10,0,0,2,0,0.0,0.8751694068673669,1,0,0,0,5
77,11,0,0,2,0,0.0,0.9723781823163639,1,0,0,0,5
78,0,0,4,1,255,0.0,0.1544652650835347,1,0,0,0,0
78,1,0,0,2,0,0.0,0.027808504579203253,1,0,0,0,0
78,2,0,0,2,0,0.0,0.010933552286297473,1,0,0,0,0
78,3,0,0,2,0,0.0,0.24865393326305252,1,0,0,0,0
78,4,0,0,2,0,0.0,0.47231111330030234,1,0,0,0,0
78,5,0,0,2,0,0.0,0.23163568346404703,1,0,0,0,0
78,6,0,0,2,0,0.0,0.7494701279369377,1,0,0,0,0
78,7,0,0,2,0,0.0,0.6400952717232439,1,0,0,0,0
78,8,0,0,2,0,0.0,0.16279272023602642,1,0,0,0,0
78,9,0,0,2,0,0.0,0.20162555160031212,1,0,0,0,0
78,10,0,0,2,0,0.0,0.24434454185531043,1,0,0,0,0
78,11,0,0,2,0,0.0,0.2784762942830331,1,0,0,0,0
79,0,2,1,1,558,0.0,0.3775406687981454,0,1,0,0,0
79,1,0,0,2,0,0.0,0.01290953447482839,0,1,0,0,0
79,2,0,0,2,0,0.0,0.019747579211990246,0,1,0,0,0
79,3,0,0,2,0,0.0,0.028856737764498337,0,1,0,0,0
79,4,0,0,2,0,0.0,0.48926539514624234,0,1,0,0,0
79,5,0,0,2,0,0.0,0.5394592295756795,0,1,0,0,0
79,6,0,0,2,0,0.0,0.9168127247494364,0,1,0,0,0
79,7,0,0,2,0,0.0,0.951782742714285,0,1,0,0,0
79,8,0,0,2,0,0.0,0.5460390554753539,0,1,0,0,0
79,9,0,0,2,0,0.0,0.5815688834290665,0,1,0,0,0
79,10,0,0,2,0,0.0,0.8145532436157266,0,1,0,0,0
79,11,0,0,2,0,0.0,0.7728427203492904,0,1,0,0,0
80,0,0,1,0,1388,0.0,0.3775406687981454,0,1,0,0,9
80,1,1,0,0,5325,0.6171205588285577,0.114781783386011,0,1,8,0,9
80,2,0,7,0,5877,1.2186093668028597,0.028017093373198007,0,1,7,0,9
80,3,1,3,0,2057,0.5973974924898291,0.11988773275795267,0,1,6,0,9
80,4,0,1,0,5510,0.5083203845696749,0.14544274984346248,0,1,5,0,9
80,5,2,0,0,2890,0.8603093577192832,0.06594135774842735,0,1,4,0,9
80,6,1,2,0,12008,1.2761703940815798,0.02435347069423707,0,1,3,0,9
80,7,2,2,0,1051,1.1141901033692774,0.036072848538481354,0,1,2,0,9
80,8,1,6,0,1299,0.7467300011050173,0.08573768999022476,0,1,1,0,9
80,9,0,3,1,13,-0.6960223755755433,0.7755737511009507,0,1,0,0,9
80,10,0,0,2,0,0.0,0.5591430243315425,0,1,0,0,9
80,11,0,0,2,0,0.0,0.7733738130112713,0,1,0,0,9
81,0,4,2,1,15,0.0,0.3775406687981454,0,2,0,0,0
81,1,0,0,2,0,0.0,0.013970822816957999,0,2,0,0,0
81,2,0,0,2,0,0.0,0.0332341750553561,0,2,0,0,0
81,3,0,0,2,0,0.0,0.02613630957511974,0,2,0,0,0
81,4,0,0,2,0,0.0,0.13910170926659754,0,2,0,0,0
81,5,0,0,2,0,0.0,0.4270972232294694,0,2,0,0,0
81,6,0,0,2,0,0.0,0.2899051133935203,0,2,0,0,0
81,7,0,0,2,0,0.0,0.422851808250083,0,2,0,0,0
81,8,0,0,2,0,0.0,0.09884805663663516,0,2,0,0,0
81,9,0,0,2,0,0.0,0.028693291105991697,0,2,0,0,0
81,10,0,0,2,0,0.0,0.01981981470998747,0,2,0,0,0
81,11,0,0,2,0,0.0,0.027476250770809712,0,2,0,0,0
82,0,1,3,1,18,0.0,0.2689414213699951,0,0,0,0,0
82,1,0,0,2,0,0.0,0.009267838871205263,0,0,0,0,0
82,2,0,0,2,0,0.0,0.009480262947455057,0,0,0,0,0
82,3,0,0,2,0,0.0,0.04379224072833365,0,0,0,0,0
82,4,0,0,2,0,0.0,0.09536348392466383,0,0,0,0,0
82,5,0,0,2,0,0.0,0.30726806927082784,0,0,0,0,0
82,6,0,0,2,0,0.0,0.8156427341560359,0,0,0,0,0
82,7,0,0,2,0,0.0,0.30913212508911847,0,0,0,0,0
82,8,0,0,2,0,0.0,0.9983886739643416,0,0,0,0,0
82,9,0,0,2,0,0.0,0.9964101569136705,0,0,0,0,0
82,10,0,0,2,0,0.0,0.9317090103992811,0,0,0,0,0
82,11,0,0,2,0,0.0,0.952397136906227,0,0,0,0,0
83,0,5,4,1,632,0.0,0.3775406687981454,0,1,0,0,0
83,1,0,0,2,0,0.0,0.05232699771952558,0,1,0,0,0
83,2,0,0,2,0,0.0,0.12124113436106908,0,1,0,0,0
83,3,0,0,2,0,0.0,0.1152994062134738,0,1,0,0,0
83,4,0,0,2,0,0.0,0.23586048871504484,0,1,0,0,0
83,5,0,0,2,0,0.0,0.5723309450462747,0,1,0,0,0
83,6,0,0,2,0,0.0,0.9977617438566189,0,1,0,0,0
83,7,0,0,2,0,0.0,0.9567789652040417,0,1,0,0,0
83,8,0,0,2,0,0.0,0.7785993266515281,0,1,0,0,0
83,9,0,0,2,0,0.0,0.524568410630045,0,1,0,0,0
83,10,0,0,2,0,0.0,0.09336439880521144,0,1,0,0,0
83,11,0,0,2,0,0.0,0.09735446383235369,0,1,0,0,0
84,0,3,8,0,3,0.0,0.3775406687981454,0,2,0,0,2
84,1,1,4,0,224,0.3249200553306606,0.212102202290462,0,2,1,0,2
84,2,1,4,1,7,-0.27347677160876005,0.545794285948471,0,2,0,0,2
84,3,0,0,2,0,0.0,0.7959253903222306,0,2,0,0,2
84,4,0,0,2,0,0.0,0.32608829286965035,0,2,0,0,2
84,5,0,0,2,0,0.0,0.14457537648414095,0,2,0,0,2
84,6,0,0,2,0,0.0,0.06705158030969753,0,2,0,0,2
84,7,0,0,2,0,0.0,0.12905196995555884,0,2,0,0,2
84,8,0,0,2,0,0.0,0.8437012915092715,0,2,0,0,2
84,9,0,0,2,0,0.0,0.976735678027216,0,2,0,0,2
84,10,0,0,2,0,0.0,0.9814515879633878,0,2,0,0,2
84,11,0,0,2,0,0.0,0.9954849600579616,0,2,0,0,2
85,0,5,4,0,35,0.0,0.2689414213699951,0,0,0,0,5
85,1,0,2,0,1732,0.9585988247123636,0.032405119701912864,0,0,4,0,5
85,2,3,3,0,274,1.1221833928441975,0.021764750262178306,0,0,3,0,5
85,3,0,1,0,183,0.10097356765924026,0.22227910014718721,0,0,2,0,5
85,4,1,2,0,1655,0.8811076869873722,0.0390616451300667,0,0,1,0,5
85,5,4,2,1,1795,0.8164461361986373,0.04560260320416345,0,0,0,0,5
85,6,0,0,2,0,0.0,0.37804003581834195,0,0,0,0,5
85,7,0,0,2,0,0.0,0.43084088296893847,0,0,0,0,5
85,8,0,0,2,0,0.0,0.7084754910708254,0,0,0,0,5
85,9,0,0,2,0,0.0,0.9467359488685991,0,0,0,0,5
85,10,0,0,2,0,0.0,0.9631093902269063,0,0,0,0,5
85,11,0,0,2,0,0.0,0.9906110995343583,0,0,0,0,5
86,0,2,3,1,240,0.0,0.23147521650098238,1,2,0,0,0
86,1,0,0,2,0,0.0,0.005314294862474473,1,2,0,0,0
86,2,0,0,2,0,0.0,0.011554329074153751,1,2,0,0,0
86,3,0,0,2,0,0.0,0.020573822854611394,1,2,0,0,0
86,4,0,0,2,0,0.0,0.02664025654003298,1,2,0,0,0
86,5,0,0,2,0,0.0,0.023091998404009682,1,2,0,0,0
86,6,0,0,2,0,0.0,0.41267671426782604,1,2,0,0,0
86,7,0,0,2,0,0.0,0.08057708921202832,1,2,0,0,0
86,8,0,0,2,0,0.0,0.42404441514365093,1,2,0,0,0
86,9,0,0,2,0,0.0,0.07049891211184564,1,2,0,0,0
86,10,0,0,2,0,0.0,0.11436421836175581,1,2,0,0,0
86,11,0,0,2,0,0.0,0.01480877132357198,1,2,0,0,0
87,0,1,3,1,106,0.0,0.3775406687981454,0,1,0,0,0
87,1,0,0,2,0,0.0,0.015188764518854616,0,1,0,0,0
87,2,0,0,2,0,0.0,0.16894721281531647,0,1,0,0,0
87,3,0,0,2,0,0.0,0.2797131454792797,0,1,0,0,0
87,4,0,0,2,0,0.0,0.05573019555257723,0,1,0,0,0
87,5,0,0,2,0,0.0,0.03974430064839482,0,1,0,0,0
87,6,0,0,2,0,0.0,0.08963018519028161,0,1,0,0,0
87,7,0,0,2,0,0.0,0.5680167493723033,0,1,0,0,0
87,8,0,0,2,0,0.0,0.39113829501714187,0,1,0,0,0
87,9,0,0,2,0,0.0,0.7062613837974691,0,1,0,0,0
87,10,0,0,2,0,0.0,0.25236490829808733,0,1,0,0,0
87,11,0,0,2,0,0.0,0.5803056000881767,0,1,0,0,0
88,0,2,0,0,404,0.0,0.3775406687981454,0,1,0,0,8
88,1,1,1,0,3100,0.9775976601160647,0.050021133601651085,0,1,7,0,8
88,2,0,1,0,3163,1.5498590148812628,0.012435978819634569,0,1,6,0,8
88,3,0,3,0,2893,1.6223017046999733,0.010397332211848465,0,1,5,0,8
88,4,1,2,0,316,1.3827319970473153,0.018764789305401642,0,1,4,0,8
88,5,0,2,0,4583,1.314291850479416,0.02218878527021542,0,1,3,0,8
88,6,2,4,0,7413,1.1815551144270722,0.030653128539830984,0,1,2,0,8
88,7,4,2,0,1331,0.4123956602330632,0.17784900734559178,0,1,1,0,8
88,8,1,1,1,26,-0.5361564296524719,0.6985475743413544,0,1,0,0,8
88,9,0,0,2,0,0.0,0.25653568388328757,0,1,0,0,8
88,10,0,0,2,0,0.0,0.9215559504574774,0,1,0,0,8
88,11,0,0,2,0,0.0,0.7112894115439271,0,1,0,0,8
89,0,1,2,0,298,0.0,0.3775406687981454,0,1,0,0,3
89,1,2,3,0,1378,1.4882093873576565,0.014478252920361614,0,1,2,0,3
89,2,2,9,0,1077,1.350926044809232,0.020286289918205358,0,1,1,0,3
89,3,0,1,1,22,-1.6501535870683837,0.9740523491099339,0,1,0,0,3
89,4,0,0,2,0,0.0,0.44017037303060064,0,1,0,0,3
89,5,0,0,2,0,0.0,0.2774399583478656,0,1,0,0,3
89,6,0,0,2,0,0.0,0.6167040948154815,0,1,0,0,3
89,7,0,0,2,0,0.0,0.6211197155681354,0,1,0,0,3
89,8,0,0,2,0,0.0,0.9355855746768987,0,1,0,0,3
89,9,0,0,2,0,0.0,0.9599875523398471,0,1,0,0,3
89,10,0,0,2,0,0.0,0.9916314712393898,0,1,0,0,3
89,11,0,0,2,0,0.0,0.9974520982106022,0,1,0,0,3
90,0,3,1,1,226,0.0,0.3775406687981454,0,1,0,0,0
90,1,0,0,2,0,0.0,0.012984361756755323,0,1,0,0,0
90,2,0,0,2,0,0.0,0.08867168702788719,0,1,0,0,0
90,3,0,0,2,0,0.0,0.09087628732090886,0,1,0,0,0
90,4,0,0,2,0,0.0,0.5740027723066804,0,1,0,0,0
90,5,0,0,2,0,0.0,0.827338396980873,0,1,0,0,0
90,6,0,0,2,0,0.0,0.9719104976500207,0,1,0,0,0
90,7,0,0,2,0,0.0,0.9932077591426817,0,1,0,0,0
90,8,0,0,2,0,0.0,0.9977509512099763,0,1,0,0,0
90,9,0,0,2,0,0.0,0.9571330489168911,0,1,0,0,0
90,10,0,0,2,0,0.0,0.7903501862487637,0,1,0,0,0
90,11,0,0,2,0,0.0,0.966661194269562,0,1,0,0,0
91,0,2,2,0,866,0.0,0.3775406687981454,0,1,0,0,8
91,1,2,3,0,10922,1.662262376879452,0.009418130192815791,0,1,7,0,8
91,2,1,1,0,1104,1.2350747361445402,0.026917641306965952,0,1,6,0,8
91,3,0,1,0,316,1.3074615886657752,0.02256230468324372,0,1,5,0,8
91,4,2,3,0,3339,1.4855218220773923,0.014574436032376951,0,1,4,0,8
91,5,0,1,0,1962,0.8528021405403465,0.06710679958471039,0,1,3,0,8
91,6,2,2,0,569,1.245602396847123,0.026236778421711664,0,1,2,0,8
91,7,2,4,0,1351,0.8758793511463892,0.06358397487072247,0,1,1,0,8
91,8,1,4,1,15,-0.15515735994117374,0.4720026661069974,0,1,0,0,8
91,9,0,0,2,0,0.0,0.7561521206490283,0,1,0,0,8
91,10,0,0,2,0,0.0,0.9598946813675212,0,1,0,0,8
91,11,0,0,2,0,0.0,0.991590399087045,0,1,0,0,8
92,0,0,2,1,42,0.0,0.3775406687981454,0,2,0,0,0
92,1,0,0,2,0,0.0,0.0750446780733496,0,2,0,0,0
92,2,0,0,2,0,0.0,0.016892159061995312,0,2,0,0,0
92,3,0,0,2,0,0.0,0.018813255984114898,0,2,0,0,0
92,4,0,0,2,0,0.0,0.044043751060303706,0,2,0,0,0
92,5,0,0,2,0,0.0,0.05447166523764385,0,2,0,0,0
92,6,0,0,2,0,0.0,0.24509919978769432,0,2,0,0,0
92,7,0,0,2,0,0.0,0.10532810440398482,0,2,0,0,0
92,8,0,0,2,0,0.0,0.02195153677208703,0,2,0,0,0
92,9,0,0,2,0,0.0,0.9908199014481577,0,2,0,0,0
92,10,0,0,2,0,0.0,0.997271235389001,0,2,0,0,0
92,11,0,0,2,0,0.0,0.9848083941196935,0,2,0,0,0
93,0,3,4,0,16,0.0,0.2689414213699951,0,0,0,0,3
93,1,2,4,0,4181,1.3869398790698289,0.011347452341135897,0,0,2,0,3
93,2,1,1,0,237,0.3968490143700423,0.12003248939531395,0,0,1,0,3
93,3,0,4,1,1091,0.7807653450912984,0.04964615856410895,0,0,0,0,3
93,4,0,0,2,0,0.0,0.12206304763373206,0,0,0,0,3
93,5,0,0,2,0,0.0,0.09223806882863081,0,0,0,0,3
93,6,0,0,2,0,0.0,0.17014012300029985,0,0,0,0,3
93,7,0,0,2,0,0.0,0.03667875394385436,0,0,0,0,3
93,8,0,0,2,0,0.0,0.7610136970284137,0,0,0,0,3
93,9,0,0,2,0,0.0,0.8740772536728543,0,0,0,0,3
93,10,0,0,2,0,0.0,0.18579987062696052,0,0,0,0,3
93,11,0,0,2,0,0.0,0.13090381739347848,0,0,0,0,3
94,0,0,2,0,24,0.0,0.3775406687981454,0,2,0,0,11
94,1,3,4,0,3377,0.8046647167633874,0.0750446780733496,0,2,10,0,11
94,2,2,4,0,3436,1.0773389370159505,0.039416843016555375,0,2,9,0,11
94,3,0,1,0,79,0.06267877734327598,0.34148198725428786,0,2,8,0,11
94,4,1,2,0,232,0.8285565911857198,0.0710024658381526,0,2,7,0,11
94,5,0,0,0,1956,0.7795068556209157,0.079528752679366,0,2,6,0,11
94,6,0,1,0,3791,1.3771964185415961,0.019021305533466464,0,2,5,0,11
94,7,2,1,0,2348,1.4287227075090316,0.016760846669187163,0,2,4,0,11
94,8,0,3,0,6333,1.3947410733473529,0.01821990475485955,0,2,3,0,11
94,9,0,3,0,326,1.1226645441320504,0.03534337109589209,0,2,2,0,11
94,10,5,3,0,2725,0.8403806049097731,0.06907720773167722,0,2,1,0,11
94,11,0,2,1,27,-0.7261354809226179,0.78840514268414,0,2,0,0,11
95,0,1,2,1,450,0.0,0.1544652650835347,1,0,0,0,0
95,1,0,0,2,0,0.0,0.004405336916946824,1,0,0,0,0
95,2,0,0,2,0,0.0,0.03435503274428398,1,0,0,0,0
95,3,0,0,2,0,0.0,0.07171686936958302,1,0,0,0,0
95,4,0,0,2,0,0.0,0.015177313578071587,1,0,0,0,0
95,5,0,0,2,0,0.0,0.16285778444843,1,0,0,0,0
95,6,0,0,2,0,0.0,0.051918290699356016,1,0,0,0,0
95,7,0,0,2,0,0.0,0.406656354981459,1,0,0,0,0
95,8,0,0,2,0,0.0,0.4028176516251984,1,0,0,0,0
95,9,0,0,2,0,0.0,0.044547664697232085,1,0,0,0,0
95,10,0,0,2,0,0.0,0.3750306739520257,1,0,0,0,0
95,11,0,0,2,0,0.0,0.616260868586121,1,0,0,0,0
96,0,0,4,0,70,0.0,0.3775406687981454,0,2,0,0,5
96,1,4,1,0,949,0.7416843611112658,0.08673164894613446,0,2,4,0,5
96,2,1,2,0,939,1.2430504614773534,0.02640026674303057,0,2,3,0,5
96,3,4,3,0,5187,1.0901146113708906,0.03822515644274594,0,2,2,0,5
96,4,2,2,0,9,-0.30811606276944525,0.5671641366799814,0,2,1,0,5
96,5,0,1,1,50,-0.3559605906911618,0.5962589815998167,0,2,0,0,5
96,6,0,0,2,0,0.0,0.10796814313989736,0,2,0,0,5
96,7,0,0,2,0,0.0,0.37790880558416007,0,2,0,0,5
96,8,0,0,2,0,0.0,0.7055730686015765,0,2,0,0,5
96,9,0,0,2,0,0.0,0.2937698551051934,0,2,0,0,5
96,10,0,0,2,0,0.0,0.9319004130936094,0,2,0,0,5
96,11,0,0,2,0,0.0,0.9532625582223373,0,2,0,0,5
97,0,3,3,0,3,0.0,0.3775406687981454,0,2,0,1,0
97,1,2,3,0,4704,1.5504684495906993,0.012417281048104339,0,2,0,1,0
97,2,2,0,0,509,0.9044160429523711,0.05946616616974201,0,2,0,1,0
97,3,1,1,0,2473,1.0941321079742257,0.03785761611393503,0,2,0,1,0
97,4,0,2,0,2187,1.2171246365851012,0.028118351590538843,0,2,0,1,0
97,5,1,4,0,2850,1.2817294965932642,0.024025428512059625,0,2,0,1,0
97,6,0,3,0,1226,0.5646870457024447,0.12878801006947582,0,2,0,1,0
97,7,4,0,0,1343,0.5100290341463614,0.14491263698812346,0,2,0,1,0
97,8,0,5,0,861,0.3318521652215338,0.20922050579878473,0,2,0,1,0
97,9,1,0,0,4,-0.2802273003074336,0.5499746448084891,0,2,0,1,0
97,10,0,2,0,2512,0.6820978897336465,0.09928049882893962,0,2,0,1,0
97,11,0,3,0,792,0.902735053501396,0.05970164587734509,0,2,0,1,0
98,0,1,1,0,26,0.0,0.2689414213699951,0,0,0,1,0
98,1,0,3,0,1917,1.3306652294228267,0.013039290648909636,0,0,0,1,0
98,2,3,2,0,3209,1.2889741089799691,0.014450999395340816,0,0,0,1,0
98,3,0,2,0,970,1.1739500950211694,0.019173335048494528,0,0,0,1,0
98,4,2,1,0,1500,1.2110599338930537,0.01750429255982052,0,0,0,1,0
98,5,0,3,0,2072,1.1129163283840577,0.022263517831733085,0,0,0,1,0
98,6,2,2,0,7349,0.9334682897274513,0.03443397623488391,0,0,0,1,0
98,7,2,3,0,1019,0.6125555114140824,0.07368679653183093,0,0,0,1,0
98,8,0,0,0,16,-0.02146730762437743,0.27962313854576215,0,0,0,1,0
98,9,1,4,0,729,1.0663080764284398,0.024946223153986972,0,0,0,1,0
98,10,1,1,0,665,0.357175230870292,0.13090983455812286,0,0,0,1,0
98,11,1,4,0,2786,0.7535089854575643,0.05296160276713074,0,0,0,1,0
99,0,0,2,1,1602,0.0,0.23147521650098238,1,1,0,0,0
99,1,0,0,2,0,0.0,0.038729219719513715,1,1,0,0,0
99,2,0,0,2,0,0.0,0.008269080504533906,1,1,0,0,0
99,3,0,0,2,0,0.0,0.008711202843964023,1,1,0,0,0
99,4,0,0,2,0,0.0,0.033636583681283964,1,1,0,0,0
99,5,0,0,2,0,0.0,0.07857342412820635,1,1,0,0,0
99,6,0,0,2,0,0.0,0.02238620946710784,1,1,0,0,0
99,7,0,0,2,0,0.0,0.022358971271533214,1,1,0,0,0
99,8,0,0,2,0,0.0,0.0881502100663735,1,1,0,0,0
99,9,0,0,2,0,0.0,0.12485671072713767,1,1,0,0,0
99,10,0,0,2,0,0.0,0.7582866904217651,1,1,0,0,0
99,11,0,0,2,0,0.0,0.24587112665512253,1,1,0,0,0
